<?xml version="1.0" encoding="iso-8859-1"?>
<?xml-stylesheet href="../make-menu.xsl" type="text/xsl"?><html>
   <head>
      <this-is section="conformance" page="encodings" subpage=""/>
      <!--
           Generated at 2011-12-09T20:47:22.916Z--><title>Saxonica: XSLT and XQuery Processing: Character Encodings Supported</title>
      <meta name="coverage" content="Worldwide"/>
      <meta name="copyright" content="Copyright Saxonica Ltd"/>
      <meta name="title"
            content="Saxonica: XSLT and XQuery Processing: Character Encodings Supported"/>
      <meta name="robots" content="noindex,nofollow"/>
      <link rel="stylesheet" href="../saxondocs.css" type="text/css"/>
   </head>
   <body class="main">
      <h1>Character Encodings Supported</h1>
      <p>The encodings supported on input depend entirely on your choice of XML parser.</p>
      <p>On output, any encoding supported by the Java VM or the .NET platform (as appropriate) may be used.</p>
      <p>A list of the character encodings
supported by the Java VM can be obtained by using the command
<code>java net.sf.saxon.charcode.CharacterSetFactory</code>,
with no parameters.</p>
      <table width="100%">
         <tr>
            <td>
               <p align="right"><a class="nav" href="jaxp.xml">Next</a></p>
            </td>
         </tr>
      </table>
   </body>
</html>