<?xml version="1.0" encoding="iso-8859-1"?>
<?xml-stylesheet href="../make-menu.xsl" type="text/xsl"?><html>
   <head>
      <this-is section="conformance" page="intro" subpage=""/>
      <!--
           Generated at 2011-12-09T20:47:22.916Z--><title>Saxonica: XSLT and XQuery Processing: Standards Conformance</title>
      <meta name="coverage" content="Worldwide"/>
      <meta name="copyright" content="Copyright Saxonica Ltd"/>
      <meta name="title"
            content="Saxonica: XSLT and XQuery Processing: Standards Conformance"/>
      <meta name="robots" content="noindex,nofollow"/>
      <link rel="stylesheet" href="../saxondocs.css" type="text/css"/>
   </head>
   <body class="main">
      <h1>Standards Conformance</h1>
      <p>This section of the documentation describes the extent to which Saxon
conforms to external specifications, notably W3C language specifications
and Java API specifications.</p>
      <p>Statements of conformance are made here in good faith, and are based on the results
         of running W3C test suites. To the extent that these test suites are incomplete, however,
         there may be edge case non-conformances that are not captured here.
Any information about discrepancies or non-conformances not noted here will be
welcomed, and the differences will either be corrected in the product, or documented in a
future revision of this section.</p>
      <table width="100%">
         <tr>
            <td>
               <p align="right"><a class="nav" href="xslt20.xml">Next</a></p>
            </td>
         </tr>
      </table>
   </body>
</html>