<?xml version="1.0" encoding="iso-8859-1"?>
<?xml-stylesheet href="../../make-menu.xsl" type="text/xsl"?><html>
   <head>
      <this-is section="changes" page="intro" subpage="functions-94"/>
      <!--
           Generated at 2011-12-09T20:47:22.916Z--><title>Saxonica: XSLT and XQuery Processing: Changes to Functions and Operators</title>
      <meta name="coverage" content="Worldwide"/>
      <meta name="copyright" content="Copyright Saxonica Ltd"/>
      <meta name="title"
            content="Saxonica: XSLT and XQuery Processing: Changes to Functions and Operators"/>
      <meta name="robots" content="noindex,nofollow"/>
      <link rel="stylesheet" href="../../saxondocs.css" type="text/css"/>
   </head>
   <body class="main">
      <h1>Changes to Functions and Operators</h1>
      <p>Implemented fn:parse-json() and fn:serialize-json()</p>
      <p>Implemented fn:path()</p>
      <table width="100%">
         <tr>
            <td>
               <p align="right"><a class="nav" href="extensions-94.xml">Next</a></p>
            </td>
         </tr>
      </table>
   </body>
</html>