<?xml version="1.0" encoding="iso-8859-1"?>
<?xml-stylesheet href="../make-menu.xsl" type="text/xsl"?><html>
   <head>
      <this-is section="changes" page="intro" subpage=""/>
      <!--
           Generated at 2011-12-09T20:47:22.916Z--><title>Saxonica: XSLT and XQuery Processing: Version 9.4 (2011-12-09)</title>
      <meta name="coverage" content="Worldwide"/>
      <meta name="copyright" content="Copyright Saxonica Ltd"/>
      <meta name="title"
            content="Saxonica: XSLT and XQuery Processing: Version 9.4 (2011-12-09)"/>
      <meta name="robots" content="noindex,nofollow"/>
      <link rel="stylesheet" href="../saxondocs.css" type="text/css"/>
   </head>
   <body class="main">
      <h1>Version 9.4 (2011-12-09)</h1>
      <p>Details of changes in Saxon 9.4 are detailed on the following pages:</p>
      <ul>
         <li>
            <p><a class="bodylink" href="intro/bytecode-94.xml">Bytecode generation</a></p>
         </li>
         <li>
            <p><a class="bodylink" href="intro/sourcedocs-94.xml">Reading source documents</a></p>
         </li>
         <li>
            <p><a class="bodylink" href="intro/xp30-94.xml">XPath 3.0 changes</a></p>
         </li>
         <li>
            <p><a class="bodylink" href="intro/xt30-94.xml">XSLT changes</a></p>
         </li>
         <li>
            <p><a class="bodylink" href="intro/xt-obfuscation.xml">XSLT Packaged Stylesheets</a></p>
         </li>
         <li>
            <p><a class="bodylink" href="intro/xq30-94.xml">XQuery 3.0 changes</a></p>
         </li>
         <li>
            <p><a class="bodylink" href="intro/xsd-94.xml">Changes to XSD support</a></p>
         </li>
         <li>
            <p><a class="bodylink" href="intro/functions-94.xml">Changes to Functions and Operators</a></p>
         </li>
         <li>
            <p><a class="bodylink" href="intro/extensions-94.xml">Changes to Saxon extensions and extensibility mechanisms</a></p>
         </li>
         <li>
            <p><a class="bodylink" href="intro/api-94.xml">Changes to application programming interfaces</a></p>
         </li>
         <li>
            <p><a class="bodylink" href="intro/spi-94.xml">Changes to system programming interfaces</a></p>
         </li>
      </ul>
      <table width="100%">
         <tr>
            <td>
               <p align="right"><a class="nav" href="intro/bytecode-94.xml">Next</a></p>
            </td>
         </tr>
      </table>
   </body>
</html>