<?xml version="1.0" encoding="iso-8859-1"?>
<?xml-stylesheet href="../make-menu.xsl" type="text/xsl"?><html>
   <head>
      <this-is section="changes" page="intro91" subpage=""/>
      <!--
           Generated at 2011-12-09T20:47:22.916Z--><title>Saxonica: XSLT and XQuery Processing: Version 9.1 (2008-07-02)</title>
      <meta name="coverage" content="Worldwide"/>
      <meta name="copyright" content="Copyright Saxonica Ltd"/>
      <meta name="title"
            content="Saxonica: XSLT and XQuery Processing: Version 9.1 (2008-07-02)"/>
      <meta name="robots" content="noindex,nofollow"/>
      <link rel="stylesheet" href="../saxondocs.css" type="text/css"/>
   </head>
   <body class="main">
      <h1>Version 9.1 (2008-07-02)</h1>
      <ul>
         <li>
            <p><a class="bodylink" href="intro91/highlights91.xml">Highlights</a></p>
         </li>
         <li>
            <p><a class="bodylink" href="intro91/xqupdate91.xml">XQuery Updates</a></p>
         </li>
         <li>
            <p><a class="bodylink" href="intro91/schema11support91.xml">XML Schema 1.1</a></p>
         </li>
         <li>
            <p><a class="bodylink" href="intro91/schema10support91.xml">XML Schema 1.0</a></p>
         </li>
         <li>
            <p><a class="bodylink" href="intro91/xslt91.xml">XSLT 2.0</a></p>
         </li>
         <li>
            <p><a class="bodylink" href="intro91/xquery91.xml">XQuery 1.0</a></p>
         </li>
         <li>
            <p><a class="bodylink" href="intro91/xqj91.xml">XQJ (XQuery API for Java)</a></p>
         </li>
         <li>
            <p><a class="bodylink" href="intro91/s9api91.xml">S9API</a></p>
         </li>
         <li>
            <p><a class="bodylink" href="intro91/jaxp91.xml">JAXP</a></p>
         </li>
         <li>
            <p><a class="bodylink" href="intro91/extensibility91.xml">Extensibility</a></p>
         </li>
         <li>
            <p><a class="bodylink" href="intro91/extensions91.xml">Extensions</a></p>
         </li>
         <li>
            <p><a class="bodylink" href="intro91/trace91.xml">Diagnostics and Tracing</a></p>
         </li>
         <li>
            <p><a class="bodylink" href="intro91/dotnet91.xml">Saxon on .NET</a></p>
         </li>
         <li>
            <p><a class="bodylink" href="intro91/internal91.xml">Internal APIs</a></p>
         </li>
         <li>
            <p><a class="bodylink" href="intro91/serial91.xml">Serialization</a></p>
         </li>
         <li>
            <p><a class="bodylink" href="intro91/opt91.xml">Optimization</a></p>
         </li>
      </ul>
      <table width="100%">
         <tr>
            <td>
               <p align="right"><a class="nav" href="intro91/highlights91.xml">Next</a></p>
            </td>
         </tr>
      </table>
   </body>
</html>