<?xml version="1.0" encoding="iso-8859-1"?>
<?xml-stylesheet href="../make-menu.xsl" type="text/xsl"?><html>
   <head>
      <this-is section="changes" page="intro93" subpage=""/>
      <!--
           Generated at 2011-12-09T20:47:22.916Z--><title>Saxonica: XSLT and XQuery Processing: Version 9.3 (2010-10-30)</title>
      <meta name="coverage" content="Worldwide"/>
      <meta name="copyright" content="Copyright Saxonica Ltd"/>
      <meta name="title"
            content="Saxonica: XSLT and XQuery Processing: Version 9.3 (2010-10-30)"/>
      <meta name="robots" content="noindex,nofollow"/>
      <link rel="stylesheet" href="../saxondocs.css" type="text/css"/>
   </head>
   <body class="main">
      <h1>Version 9.3 (2010-10-30)</h1>
      <p>The documentation now has an <a class="bodylink" href="../index-entries/intro.xml">Alphabetical index</a>.</p>
      <p>At the time of writing, W3C has published draft specifications under the titles XQuery 1.1, XPath 2.1, and
      XSLT 2.1. However, W3C has also announced its intent to change the numbering, so that the final specifications will
      be XQuery 3.0, XPath 3.0, and XSLT 3.0. Saxon 9.3 anticipates this change by using the version number 3.0 to refer to the
      new set of draft specifications.</p>
      <p>The interfaces defining callbacks that advanced applications may use to customize Saxon's behaviour were previously
    scattered around the various packages, some quite difficult to find. Most of them have been moved into a new package
    <code>net.sf.saxon.lib</code>. This package also contains default implementations of these interfaces, and classes
    defining constants for use in Saxon's various configuration APIs.</p>
      <p>The current state of implementation of all standard functions is now documented <a class="bodylink" href="../functions/intro.xml">here</a>.</p>
      <ul>
         <li>
            <p><a class="bodylink" href="intro93/highlights-93.xml">Highlights</a></p>
         </li>
         <li>
            <p><a class="bodylink" href="intro93/dot-net-install-93.xml">Installation on .NET</a></p>
         </li>
         <li>
            <p><a class="bodylink" href="intro93/command-line-93.xml">Command line and configuration changes</a></p>
         </li>
         <li>
            <p><a class="bodylink" href="intro93/extensibility-93.xml">Extensibility changes</a></p>
         </li>
         <li>
            <p><a class="bodylink" href="intro93/extensions-93.xml">Extensions</a></p>
         </li>
         <li>
            <p><a class="bodylink" href="intro93/xslt30-93.xml">XSLT 3.0 changes</a></p>
         </li>
         <li>
            <p><a class="bodylink" href="intro93/xslt-streaming-93.xml">Streaming in XSLT</a></p>
         </li>
         <li>
            <p><a class="bodylink" href="intro93/xpath30-93.xml">XPath 3.0 changes</a></p>
         </li>
         <li>
            <p><a class="bodylink" href="intro93/xpath20-93.xml">XPath 2.0 and XQuery 1.0 changes</a></p>
         </li>
         <li>
            <p><a class="bodylink" href="intro93/xquery30-93.xml">XQuery 3.0 and XQuery Update changes</a></p>
         </li>
         <li>
            <p><a class="bodylink" href="intro93/fo30-93.xml">Functions and Operators</a></p>
         </li>
         <li>
            <p><a class="bodylink" href="intro93/xsd10-93.xml">XML Schema 1.0 changes</a></p>
         </li>
         <li>
            <p><a class="bodylink" href="intro93/xsd11-93.xml">XML Schema 1.1 changes</a></p>
         </li>
         <li>
            <p><a class="bodylink" href="intro93/s9api-93.xml">Changes to the s9api API</a></p>
         </li>
         <li>
            <p><a class="bodylink" href="intro93/dot-net-93.xml">Saxon on .NET changes</a></p>
         </li>
         <li>
            <p><a class="bodylink" href="intro93/serialization-93.xml">Serialization</a></p>
         </li>
         <li>
            <p><a class="bodylink" href="intro93/ant-93.xml">Running Saxon from Ant</a></p>
         </li>
         <li>
            <p><a class="bodylink" href="intro93/sql-93.xml">The SQL Extension</a></p>
         </li>
         <li>
            <p><a class="bodylink" href="intro93/misc-93.xml">Internal changes</a></p>
         </li>
      </ul>
      <table width="100%">
         <tr>
            <td>
               <p align="right"><a class="nav" href="intro93/highlights-93.xml">Next</a></p>
            </td>
         </tr>
      </table>
   </body>
</html>