<?xml version="1.0" encoding="us-ascii"?>
<categories>
   <cat name="Cc"><range f="0" t="1F"/><range f="7F" t="9F"/></cat>
   <cat name="Cf"><range f="AD" t="AD"/><range f="600" t="604"/><range f="6DD" t="6DD"/><range f="70F" t="70F"/><range f="200B" t="200F"/><range f="202A" t="202E"/><range f="2060" t="2064"/><range f="206A" t="206F"/><range f="FEFF" t="FEFF"/><range f="FFF9" t="FFFB"/><range f="110BD" t="110BD"/><range f="1D173" t="1D17A"/><range f="E0001" t="E0001"/><range f="E0020" t="E007F"/></cat>
   <cat name="Cn"><range f="378" t="379"/><range f="37F" t="383"/><range f="38B" t="38B"/><range f="38D" t="38D"/><range f="3A2" t="3A2"/><range f="528" t="52F"/><range f="530" t="530"/><range f="557" t="558"/><range f="560" t="560"/><range f="588" t="588"/><range f="58B" t="58E"/><range f="590" t="590"/><range f="5C8" t="5CF"/><range f="5EB" t="5EF"/><range f="5F5" t="5FF"/><range f="605" t="605"/><range f="61C" t="61D"/><range f="70E" t="70E"/><range f="74B" t="74C"/><range f="7B2" t="7BF"/><range f="7FB" t="7FF"/><range f="82E" t="82F"/><range f="83F" t="83F"/><range f="85C" t="85D"/><range f="85F" t="85F"/><range f="860" t="89F"/><range f="8A1" t="8A1"/><range f="8AD" t="8E3"/><range f="8FF" t="8FF"/><range f="978" t="978"/><range f="980" t="980"/><range f="984" t="984"/><range f="98D" t="98E"/><range f="991" t="992"/><range f="9A9" t="9A9"/><range f="9B1" t="9B1"/><range f="9B3" t="9B5"/><range f="9BA" t="9BB"/><range f="9C5" t="9C6"/><range f="9C9" t="9CA"/><range f="9CF" t="9D6"/><range f="9D8" t="9DB"/><range f="9DE" t="9DE"/><range f="9E4" t="9E5"/><range f="9FC" t="9FF"/><range f="A00" t="A00"/><range f="A04" t="A04"/><range f="A0B" t="A0E"/><range f="A11" t="A12"/><range f="A29" t="A29"/><range f="A31" t="A31"/><range f="A34" t="A34"/><range f="A37" t="A37"/><range f="A3A" t="A3B"/><range f="A3D" t="A3D"/><range f="A43" t="A46"/><range f="A49" t="A4A"/><range f="A4E" t="A50"/><range f="A52" t="A58"/><range f="A5D" t="A5D"/><range f="A5F" t="A65"/><range f="A76" t="A7F"/><range f="A80" t="A80"/><range f="A84" t="A84"/><range f="A8E" t="A8E"/><range f="A92" t="A92"/><range f="AA9" t="AA9"/><range f="AB1" t="AB1"/><range f="AB4" t="AB4"/><range f="ABA" t="ABB"/><range f="AC6" t="AC6"/><range f="ACA" t="ACA"/><range f="ACE" t="ACF"/><range f="AD1" t="ADF"/><range f="AE4" t="AE5"/><range f="AF2" t="AFF"/><range f="B00" t="B00"/><range f="B04" t="B04"/><range f="B0D" t="B0E"/><range f="B11" t="B12"/><range f="B29" t="B29"/><range f="B31" t="B31"/><range f="B34" t="B34"/><range f="B3A" t="B3B"/><range f="B45" t="B46"/><range f="B49" t="B4A"/><range f="B4E" t="B55"/><range f="B58" t="B5B"/><range f="B5E" t="B5E"/><range f="B64" t="B65"/><range f="B78" t="B7F"/><range f="B80" t="B81"/><range f="B84" t="B84"/><range f="B8B" t="B8D"/><range f="B91" t="B91"/><range f="B96" t="B98"/><range f="B9B" t="B9B"/><range f="B9D" t="B9D"/><range f="BA0" t="BA2"/><range f="BA5" t="BA7"/><range f="BAB" t="BAD"/><range f="BBA" t="BBD"/><range f="BC3" t="BC5"/><range f="BC9" t="BC9"/><range f="BCE" t="BCF"/><range f="BD1" t="BD6"/><range f="BD8" t="BE5"/><range f="BFB" t="BFF"/><range f="C00" t="C00"/><range f="C04" t="C04"/><range f="C0D" t="C0D"/><range f="C11" t="C11"/><range f="C29" t="C29"/><range f="C34" t="C34"/><range f="C3A" t="C3C"/><range f="C45" t="C45"/><range f="C49" t="C49"/><range f="C4E" t="C54"/><range f="C57" t="C57"/><range f="C5A" t="C5F"/><range f="C64" t="C65"/><range f="C70" t="C77"/><range f="C80" t="C81"/><range f="C84" t="C84"/><range f="C8D" t="C8D"/><range f="C91" t="C91"/><range f="CA9" t="CA9"/><range f="CB4" t="CB4"/><range f="CBA" t="CBB"/><range f="CC5" t="CC5"/><range f="CC9" t="CC9"/><range f="CCE" t="CD4"/><range f="CD7" t="CDD"/><range f="CDF" t="CDF"/><range f="CE4" t="CE5"/><range f="CF0" t="CF0"/><range f="CF3" t="CFF"/><range f="D00" t="D01"/><range f="D04" t="D04"/><range f="D0D" t="D0D"/><range f="D11" t="D11"/><range f="D3B" t="D3C"/><range f="D45" t="D45"/><range f="D49" t="D49"/><range f="D4F" t="D56"/><range f="D58" t="D5F"/><range f="D64" t="D65"/><range f="D76" t="D78"/><range f="D80" t="D81"/><range f="D84" t="D84"/><range f="D97" t="D99"/><range f="DB2" t="DB2"/><range f="DBC" t="DBC"/><range f="DBE" t="DBF"/><range f="DC7" t="DC9"/><range f="DCB" t="DCE"/><range f="DD5" t="DD5"/><range f="DD7" t="DD7"/><range f="DE0" t="DF1"/><range f="DF5" t="DFF"/><range f="E00" t="E00"/><range f="E3B" t="E3E"/><range f="E5C" t="E7F"/><range f="E80" t="E80"/><range f="E83" t="E83"/><range f="E85" t="E86"/><range f="E89" t="E89"/><range f="E8B" t="E8C"/><range f="E8E" t="E93"/><range f="E98" t="E98"/><range f="EA0" t="EA0"/><range f="EA4" t="EA4"/><range f="EA6" t="EA6"/><range f="EA8" t="EA9"/><range f="EAC" t="EAC"/><range f="EBA" t="EBA"/><range f="EBE" t="EBF"/><range f="EC5" t="EC5"/><range f="EC7" t="EC7"/><range f="ECE" t="ECF"/><range f="EDA" t="EDB"/><range f="EE0" t="EFF"/><range f="F48" t="F48"/><range f="F6D" t="F70"/><range f="F98" t="F98"/><range f="FBD" t="FBD"/><range f="FCD" t="FCD"/><range f="FDB" t="FFF"/><range f="10C6" t="10C6"/><range f="10C8" t="10CC"/><range f="10CE" t="10CF"/><range f="1249" t="1249"/><range f="124E" t="124F"/><range f="1257" t="1257"/><range f="1259" t="1259"/><range f="125E" t="125F"/><range f="1289" t="1289"/><range f="128E" t="128F"/><range f="12B1" t="12B1"/><range f="12B6" t="12B7"/><range f="12BF" t="12BF"/><range f="12C1" t="12C1"/><range f="12C6" t="12C7"/><range f="12D7" t="12D7"/><range f="1311" t="1311"/><range f="1316" t="1317"/><range f="135B" t="135C"/><range f="137D" t="137F"/><range f="139A" t="139F"/><range f="13F5" t="13FF"/><range f="169D" t="169F"/><range f="16F1" t="16FF"/><range f="170D" t="170D"/><range f="1715" t="171F"/><range f="1737" t="173F"/><range f="1754" t="175F"/><range f="176D" t="176D"/><range f="1771" t="1771"/><range f="1774" t="177F"/><range f="17DE" t="17DF"/><range f="17EA" t="17EF"/><range f="17FA" t="17FF"/><range f="180F" t="180F"/><range f="181A" t="181F"/><range f="1878" t="187F"/><range f="18AB" t="18AF"/><range f="18F6" t="18FF"/><range f="191D" t="191F"/><range f="192C" t="192F"/><range f="193C" t="193F"/><range f="1941" t="1943"/><range f="196E" t="196F"/><range f="1975" t="197F"/><range f="19AC" t="19AF"/><range f="19CA" t="19CF"/><range f="19DB" t="19DD"/><range f="1A1C" t="1A1D"/><range f="1A5F" t="1A5F"/><range f="1A7D" t="1A7E"/><range f="1A8A" t="1A8F"/><range f="1A9A" t="1A9F"/><range f="1AAE" t="1AAF"/><range f="1AB0" t="1AFF"/><range f="1B4C" t="1B4F"/><range f="1B7D" t="1B7F"/><range f="1BF4" t="1BFB"/><range f="1C38" t="1C3A"/><range f="1C4A" t="1C4C"/><range f="1C80" t="1CBF"/><range f="1CC8" t="1CCF"/><range f="1CF7" t="1CFF"/><range f="1DE7" t="1DFB"/><range f="1F16" t="1F17"/><range f="1F1E" t="1F1F"/><range f="1F46" t="1F47"/><range f="1F4E" t="1F4F"/><range f="1F58" t="1F58"/><range f="1F5A" t="1F5A"/><range f="1F5C" t="1F5C"/><range f="1F5E" t="1F5E"/><range f="1F7E" t="1F7F"/><range f="1FB5" t="1FB5"/><range f="1FC5" t="1FC5"/><range f="1FD4" t="1FD5"/><range f="1FDC" t="1FDC"/><range f="1FF0" t="1FF1"/><range f="1FF5" t="1FF5"/><range f="1FFF" t="1FFF"/><range f="2065" t="2069"/><range f="2072" t="2073"/><range f="208F" t="208F"/><range f="209D" t="209F"/><range f="20BB" t="20CF"/><range f="20F1" t="20FF"/><range f="218A" t="218F"/><range f="23F4" t="23FF"/><range f="2427" t="243F"/><range f="244B" t="245F"/><range f="2700" t="2700"/><range f="2B4D" t="2B4F"/><range f="2B5A" t="2BFF"/><range f="2C2F" t="2C2F"/><range f="2C5F" t="2C5F"/><range f="2CF4" t="2CF8"/><range f="2D26" t="2D26"/><range f="2D28" t="2D2C"/><range f="2D2E" t="2D2F"/><range f="2D68" t="2D6E"/><range f="2D71" t="2D7E"/><range f="2D97" t="2D9F"/><range f="2DA7" t="2DA7"/><range f="2DAF" t="2DAF"/><range f="2DB7" t="2DB7"/><range f="2DBF" t="2DBF"/><range f="2DC7" t="2DC7"/><range f="2DCF" t="2DCF"/><range f="2DD7" t="2DD7"/><range f="2DDF" t="2DDF"/><range f="2E3C" t="2E7F"/><range f="2E9A" t="2E9A"/><range f="2EF4" t="2EFF"/><range f="2FD6" t="2FDF"/><range f="2FE0" t="2FEF"/><range f="2FFC" t="2FFF"/><range f="3040" t="3040"/><range f="3097" t="3098"/><range f="3100" t="3104"/><range f="312E" t="312F"/><range f="3130" t="3130"/><range f="318F" t="318F"/><range f="31BB" t="31BF"/><range f="31E4" t="31EF"/><range f="321F" t="321F"/><range f="32FF" t="32FF"/><range f="4DB6" t="4DBF"/><range f="9FCD" t="9FFF"/><range f="A48D" t="A48F"/><range f="A4C7" t="A4CF"/><range f="A62C" t="A63F"/><range f="A698" t="A69E"/><range f="A6F8" t="A6FF"/><range f="A78F" t="A78F"/><range f="A794" t="A79F"/><range f="A7AB" t="A7F7"/><range f="A82C" t="A82F"/><range f="A83A" t="A83F"/><range f="A878" t="A87F"/><range f="A8C5" t="A8CD"/><range f="A8DA" t="A8DF"/><range f="A8FC" t="A8FF"/><range f="A954" t="A95E"/><range f="A97D" t="A97F"/><range f="A9CE" t="A9CE"/><range f="A9DA" t="A9DD"/><range f="A9E0" t="A9FF"/><range f="AA37" t="AA3F"/><range f="AA4E" t="AA4F"/><range f="AA5A" t="AA5B"/><range f="AA7C" t="AA7F"/><range f="AAC3" t="AADA"/><range f="AAF7" t="AAFF"/><range f="AB00" t="AB00"/><range f="AB07" t="AB08"/><range f="AB0F" t="AB10"/><range f="AB17" t="AB1F"/><range f="AB27" t="AB27"/><range f="AB2F" t="AB2F"/><range f="AB30" t="ABBF"/><range f="ABEE" t="ABEF"/><range f="ABFA" t="ABFF"/><range f="D7A4" t="D7AF"/><range f="D7C7" t="D7CA"/><range f="D7FC" t="D7FF"/><range f="FA6E" t="FA6F"/><range f="FADA" t="FAFF"/><range f="FB07" t="FB12"/><range f="FB18" t="FB1C"/><range f="FB37" t="FB37"/><range f="FB3D" t="FB3D"/><range f="FB3F" t="FB3F"/><range f="FB42" t="FB42"/><range f="FB45" t="FB45"/><range f="FBC2" t="FBD2"/><range f="FD40" t="FD4F"/><range f="FD90" t="FD91"/><range f="FDC8" t="FDCF"/><range f="FDD0" t="FDEF"/><range f="FDFE" t="FDFF"/><range f="FE1A" t="FE1F"/><range f="FE27" t="FE2F"/><range f="FE53" t="FE53"/><range f="FE67" t="FE67"/><range f="FE6C" t="FE6F"/><range f="FE75" t="FE75"/><range f="FEFD" t="FEFE"/><range f="FF00" t="FF00"/><range f="FFBF" t="FFC1"/><range f="FFC8" t="FFC9"/><range f="FFD0" t="FFD1"/><range f="FFD8" t="FFD9"/><range f="FFDD" t="FFDF"/><range f="FFE7" t="FFE7"/><range f="FFEF" t="FFEF"/><range f="FFF0" t="FFF8"/><range f="FFFE" t="FFFF"/><range f="1000C" t="1000C"/><range f="10027" t="10027"/><range f="1003B" t="1003B"/><range f="1003E" t="1003E"/><range f="1004E" t="1004F"/><range f="1005E" t="1007F"/><range f="100FB" t="100FF"/><range f="10103" t="10106"/><range f="10134" t="10136"/><range f="1018B" t="1018F"/><range f="1019C" t="101CF"/><range f="101FE" t="101FF"/><range f="10200" t="1027F"/><range f="1029D" t="1029F"/><range f="102D1" t="102DF"/><range f="102E0" t="102FF"/><range f="1031F" t="1031F"/><range f="10324" t="1032F"/><range f="1034B" t="1034F"/><range f="10350" t="1037F"/><range f="1039E" t="1039E"/><range f="103C4" t="103C7"/><range f="103D6" t="103DF"/><range f="103E0" t="103FF"/><range f="1049E" t="1049F"/><range f="104AA" t="104AF"/><range f="104B0" t="107FF"/><range f="10806" t="10807"/><range f="10809" t="10809"/><range f="10836" t="10836"/><range f="10839" t="1083B"/><range f="1083D" t="1083E"/><range f="10856" t="10856"/><range f="10860" t="108FF"/><range f="1091C" t="1091E"/><range f="1093A" t="1093E"/><range f="10940" t="1097F"/><range f="109B8" t="109BD"/><range f="109C0" t="109FF"/><range f="10A04" t="10A04"/><range f="10A07" t="10A0B"/><range f="10A14" t="10A14"/><range f="10A18" t="10A18"/><range f="10A34" t="10A37"/><range f="10A3B" t="10A3E"/><range f="10A48" t="10A4F"/><range f="10A59" t="10A5F"/><range f="10A80" t="10AFF"/><range f="10B36" t="10B38"/><range f="10B56" t="10B57"/><range f="10B73" t="10B77"/><range f="10B80" t="10BFF"/><range f="10C49" t="10C4F"/><range f="10C50" t="10E5F"/><range f="10E7F" t="10E7F"/><range f="10E80" t="10FFF"/><range f="1104E" t="11051"/><range f="11070" t="1107F"/><range f="110C2" t="110CF"/><range f="110E9" t="110EF"/><range f="110FA" t="110FF"/><range f="11135" t="11135"/><range f="11144" t="1114F"/><range f="11150" t="1117F"/><range f="111C9" t="111CF"/><range f="111DA" t="111DF"/><range f="111E0" t="1167F"/><range f="116B8" t="116BF"/><range f="116CA" t="116CF"/><range f="116D0" t="11FFF"/><range f="1236F" t="123FF"/><range f="12463" t="1246F"/><range f="12474" t="1247F"/><range f="12480" t="12FFF"/><range f="1342F" t="1342F"/><range f="13430" t="167FF"/><range f="16A39" t="16A3F"/><range f="16A40" t="16EFF"/><range f="16F45" t="16F4F"/><range f="16F7F" t="16F8E"/><range f="16FA0" t="1AFFF"/><range f="1B002" t="1B0FF"/><range f="1B100" t="1CFFF"/><range f="1D0F6" t="1D0FF"/><range f="1D127" t="1D128"/><range f="1D1DE" t="1D1FF"/><range f="1D246" t="1D24F"/><range f="1D250" t="1D2FF"/><range f="1D357" t="1D35F"/><range f="1D372" t="1D37F"/><range f="1D380" t="1D3FF"/><range f="1D455" t="1D455"/><range f="1D49D" t="1D49D"/><range f="1D4A0" t="1D4A1"/><range f="1D4A3" t="1D4A4"/><range f="1D4A7" t="1D4A8"/><range f="1D4AD" t="1D4AD"/><range f="1D4BA" t="1D4BA"/><range f="1D4BC" t="1D4BC"/><range f="1D4C4" t="1D4C4"/><range f="1D506" t="1D506"/><range f="1D50B" t="1D50C"/><range f="1D515" t="1D515"/><range f="1D51D" t="1D51D"/><range f="1D53A" t="1D53A"/><range f="1D53F" t="1D53F"/><range f="1D545" t="1D545"/><range f="1D547" t="1D549"/><range f="1D551" t="1D551"/><range f="1D6A6" t="1D6A7"/><range f="1D7CC" t="1D7CD"/><range f="1D800" t="1E7FF"/><range f="1E800" t="1EDFF"/><range f="1EE04" t="1EE04"/><range f="1EE20" t="1EE20"/><range f="1EE23" t="1EE23"/><range f="1EE25" t="1EE26"/><range f="1EE28" t="1EE28"/><range f="1EE33" t="1EE33"/><range f="1EE38" t="1EE38"/><range f="1EE3A" t="1EE3A"/><range f="1EE3C" t="1EE41"/><range f="1EE43" t="1EE46"/><range f="1EE48" t="1EE48"/><range f="1EE4A" t="1EE4A"/><range f="1EE4C" t="1EE4C"/><range f="1EE50" t="1EE50"/><range f="1EE53" t="1EE53"/><range f="1EE55" t="1EE56"/><range f="1EE58" t="1EE58"/><range f="1EE5A" t="1EE5A"/><range f="1EE5C" t="1EE5C"/><range f="1EE5E" t="1EE5E"/><range f="1EE60" t="1EE60"/><range f="1EE63" t="1EE63"/><range f="1EE65" t="1EE66"/><range f="1EE6B" t="1EE6B"/><range f="1EE73" t="1EE73"/><range f="1EE78" t="1EE78"/><range f="1EE7D" t="1EE7D"/><range f="1EE7F" t="1EE7F"/><range f="1EE8A" t="1EE8A"/><range f="1EE9C" t="1EEA0"/><range f="1EEA4" t="1EEA4"/><range f="1EEAA" t="1EEAA"/><range f="1EEBC" t="1EEEF"/><range f="1EEF2" t="1EEFF"/><range f="1EF00" t="1EFFF"/><range f="1F02C" t="1F02F"/><range f="1F094" t="1F09F"/><range f="1F0AF" t="1F0B0"/><range f="1F0BF" t="1F0C0"/><range f="1F0D0" t="1F0D0"/><range f="1F0E0" t="1F0FF"/><range f="1F10B" t="1F10F"/><range f="1F12F" t="1F12F"/><range f="1F16C" t="1F16F"/><range f="1F19B" t="1F1E5"/><range f="1F203" t="1F20F"/><range f="1F23B" t="1F23F"/><range f="1F249" t="1F24F"/><range f="1F252" t="1F2FF"/><range f="1F321" t="1F32F"/><range f="1F336" t="1F336"/><range f="1F37D" t="1F37F"/><range f="1F394" t="1F39F"/><range f="1F3C5" t="1F3C5"/><range f="1F3CB" t="1F3DF"/><range f="1F3F1" t="1F3FF"/><range f="1F43F" t="1F43F"/><range f="1F441" t="1F441"/><range f="1F4F8" t="1F4F8"/><range f="1F4FD" t="1F4FF"/><range f="1F53E" t="1F53F"/><range f="1F544" t="1F54F"/><range f="1F568" t="1F5FA"/><range f="1F641" t="1F644"/><range f="1F650" t="1F67F"/><range f="1F6C6" t="1F6FF"/><range f="1F774" t="1F77F"/><range f="1F780" t="1FFFD"/><range f="1FFFE" t="1FFFF"/><range f="2A6D7" t="2A6DF"/><range f="2A6E0" t="2A6FF"/><range f="2B735" t="2B73F"/><range f="2B81E" t="2B81F"/><range f="2B820" t="2F7FF"/><range f="2FA1E" t="2FA1F"/><range f="2FA20" t="2FFFD"/><range f="2FFFE" t="2FFFF"/><range f="30000" t="3FFFD"/><range f="3FFFE" t="3FFFF"/><range f="40000" t="4FFFD"/><range f="4FFFE" t="4FFFF"/><range f="50000" t="5FFFD"/><range f="5FFFE" t="5FFFF"/><range f="60000" t="6FFFD"/><range f="6FFFE" t="6FFFF"/><range f="70000" t="7FFFD"/><range f="7FFFE" t="7FFFF"/><range f="80000" t="8FFFD"/><range f="8FFFE" t="8FFFF"/><range f="90000" t="9FFFD"/><range f="9FFFE" t="9FFFF"/><range f="A0000" t="AFFFD"/><range f="AFFFE" t="AFFFF"/><range f="B0000" t="BFFFD"/><range f="BFFFE" t="BFFFF"/><range f="C0000" t="CFFFD"/><range f="CFFFE" t="CFFFF"/><range f="D0000" t="DFFFD"/><range f="DFFFE" t="DFFFF"/><range f="E0000" t="E0000"/><range f="E0002" t="E001F"/><range f="E0080" t="E00FF"/><range f="E01F0" t="E0FFF"/><range f="E1000" t="EFFFD"/><range f="EFFFE" t="EFFFF"/><range f="FFFFE" t="FFFFF"/><range f="10FFFE" t="10FFFF"/></cat>
   <cat name="Co"><range f="E000" t="F8FF"/><range f="F0000" t="FFFFD"/><range f="100000" t="10FFFD"/></cat>
   <cat name="Ll"><range f="61" t="7A"/><range f="B5" t="B5"/><range f="DF" t="F6"/><range f="F8" t="FF"/><range f="101" t="101"/><range f="103" t="103"/><range f="105" t="105"/><range f="107" t="107"/><range f="109" t="109"/><range f="10B" t="10B"/><range f="10D" t="10D"/><range f="10F" t="10F"/><range f="111" t="111"/><range f="113" t="113"/><range f="115" t="115"/><range f="117" t="117"/><range f="119" t="119"/><range f="11B" t="11B"/><range f="11D" t="11D"/><range f="11F" t="11F"/><range f="121" t="121"/><range f="123" t="123"/><range f="125" t="125"/><range f="127" t="127"/><range f="129" t="129"/><range f="12B" t="12B"/><range f="12D" t="12D"/><range f="12F" t="12F"/><range f="131" t="131"/><range f="133" t="133"/><range f="135" t="135"/><range f="137" t="138"/><range f="13A" t="13A"/><range f="13C" t="13C"/><range f="13E" t="13E"/><range f="140" t="140"/><range f="142" t="142"/><range f="144" t="144"/><range f="146" t="146"/><range f="148" t="149"/><range f="14B" t="14B"/><range f="14D" t="14D"/><range f="14F" t="14F"/><range f="151" t="151"/><range f="153" t="153"/><range f="155" t="155"/><range f="157" t="157"/><range f="159" t="159"/><range f="15B" t="15B"/><range f="15D" t="15D"/><range f="15F" t="15F"/><range f="161" t="161"/><range f="163" t="163"/><range f="165" t="165"/><range f="167" t="167"/><range f="169" t="169"/><range f="16B" t="16B"/><range f="16D" t="16D"/><range f="16F" t="16F"/><range f="171" t="171"/><range f="173" t="173"/><range f="175" t="175"/><range f="177" t="177"/><range f="17A" t="17A"/><range f="17C" t="17C"/><range f="17E" t="180"/><range f="183" t="183"/><range f="185" t="185"/><range f="188" t="188"/><range f="18C" t="18D"/><range f="192" t="192"/><range f="195" t="195"/><range f="199" t="19B"/><range f="19E" t="19E"/><range f="1A1" t="1A1"/><range f="1A3" t="1A3"/><range f="1A5" t="1A5"/><range f="1A8" t="1A8"/><range f="1AA" t="1AB"/><range f="1AD" t="1AD"/><range f="1B0" t="1B0"/><range f="1B4" t="1B4"/><range f="1B6" t="1B6"/><range f="1B9" t="1BA"/><range f="1BD" t="1BF"/><range f="1C6" t="1C6"/><range f="1C9" t="1C9"/><range f="1CC" t="1CC"/><range f="1CE" t="1CE"/><range f="1D0" t="1D0"/><range f="1D2" t="1D2"/><range f="1D4" t="1D4"/><range f="1D6" t="1D6"/><range f="1D8" t="1D8"/><range f="1DA" t="1DA"/><range f="1DC" t="1DD"/><range f="1DF" t="1DF"/><range f="1E1" t="1E1"/><range f="1E3" t="1E3"/><range f="1E5" t="1E5"/><range f="1E7" t="1E7"/><range f="1E9" t="1E9"/><range f="1EB" t="1EB"/><range f="1ED" t="1ED"/><range f="1EF" t="1F0"/><range f="1F3" t="1F3"/><range f="1F5" t="1F5"/><range f="1F9" t="1F9"/><range f="1FB" t="1FB"/><range f="1FD" t="1FD"/><range f="1FF" t="1FF"/><range f="201" t="201"/><range f="203" t="203"/><range f="205" t="205"/><range f="207" t="207"/><range f="209" t="209"/><range f="20B" t="20B"/><range f="20D" t="20D"/><range f="20F" t="20F"/><range f="211" t="211"/><range f="213" t="213"/><range f="215" t="215"/><range f="217" t="217"/><range f="219" t="219"/><range f="21B" t="21B"/><range f="21D" t="21D"/><range f="21F" t="21F"/><range f="221" t="221"/><range f="223" t="223"/><range f="225" t="225"/><range f="227" t="227"/><range f="229" t="229"/><range f="22B" t="22B"/><range f="22D" t="22D"/><range f="22F" t="22F"/><range f="231" t="231"/><range f="233" t="239"/><range f="23C" t="23C"/><range f="23F" t="240"/><range f="242" t="242"/><range f="247" t="247"/><range f="249" t="249"/><range f="24B" t="24B"/><range f="24D" t="24D"/><range f="24F" t="293"/><range f="295" t="2AF"/><range f="371" t="371"/><range f="373" t="373"/><range f="377" t="377"/><range f="37B" t="37D"/><range f="390" t="390"/><range f="3AC" t="3CE"/><range f="3D0" t="3D1"/><range f="3D5" t="3D7"/><range f="3D9" t="3D9"/><range f="3DB" t="3DB"/><range f="3DD" t="3DD"/><range f="3DF" t="3DF"/><range f="3E1" t="3E1"/><range f="3E3" t="3E3"/><range f="3E5" t="3E5"/><range f="3E7" t="3E7"/><range f="3E9" t="3E9"/><range f="3EB" t="3EB"/><range f="3ED" t="3ED"/><range f="3EF" t="3F3"/><range f="3F5" t="3F5"/><range f="3F8" t="3F8"/><range f="3FB" t="3FC"/><range f="430" t="45F"/><range f="461" t="461"/><range f="463" t="463"/><range f="465" t="465"/><range f="467" t="467"/><range f="469" t="469"/><range f="46B" t="46B"/><range f="46D" t="46D"/><range f="46F" t="46F"/><range f="471" t="471"/><range f="473" t="473"/><range f="475" t="475"/><range f="477" t="477"/><range f="479" t="479"/><range f="47B" t="47B"/><range f="47D" t="47D"/><range f="47F" t="47F"/><range f="481" t="481"/><range f="48B" t="48B"/><range f="48D" t="48D"/><range f="48F" t="48F"/><range f="491" t="491"/><range f="493" t="493"/><range f="495" t="495"/><range f="497" t="497"/><range f="499" t="499"/><range f="49B" t="49B"/><range f="49D" t="49D"/><range f="49F" t="49F"/><range f="4A1" t="4A1"/><range f="4A3" t="4A3"/><range f="4A5" t="4A5"/><range f="4A7" t="4A7"/><range f="4A9" t="4A9"/><range f="4AB" t="4AB"/><range f="4AD" t="4AD"/><range f="4AF" t="4AF"/><range f="4B1" t="4B1"/><range f="4B3" t="4B3"/><range f="4B5" t="4B5"/><range f="4B7" t="4B7"/><range f="4B9" t="4B9"/><range f="4BB" t="4BB"/><range f="4BD" t="4BD"/><range f="4BF" t="4BF"/><range f="4C2" t="4C2"/><range f="4C4" t="4C4"/><range f="4C6" t="4C6"/><range f="4C8" t="4C8"/><range f="4CA" t="4CA"/><range f="4CC" t="4CC"/><range f="4CE" t="4CF"/><range f="4D1" t="4D1"/><range f="4D3" t="4D3"/><range f="4D5" t="4D5"/><range f="4D7" t="4D7"/><range f="4D9" t="4D9"/><range f="4DB" t="4DB"/><range f="4DD" t="4DD"/><range f="4DF" t="4DF"/><range f="4E1" t="4E1"/><range f="4E3" t="4E3"/><range f="4E5" t="4E5"/><range f="4E7" t="4E7"/><range f="4E9" t="4E9"/><range f="4EB" t="4EB"/><range f="4ED" t="4ED"/><range f="4EF" t="4EF"/><range f="4F1" t="4F1"/><range f="4F3" t="4F3"/><range f="4F5" t="4F5"/><range f="4F7" t="4F7"/><range f="4F9" t="4F9"/><range f="4FB" t="4FB"/><range f="4FD" t="4FD"/><range f="4FF" t="4FF"/><range f="501" t="501"/><range f="503" t="503"/><range f="505" t="505"/><range f="507" t="507"/><range f="509" t="509"/><range f="50B" t="50B"/><range f="50D" t="50D"/><range f="50F" t="50F"/><range f="511" t="511"/><range f="513" t="513"/><range f="515" t="515"/><range f="517" t="517"/><range f="519" t="519"/><range f="51B" t="51B"/><range f="51D" t="51D"/><range f="51F" t="51F"/><range f="521" t="521"/><range f="523" t="523"/><range f="525" t="525"/><range f="527" t="527"/><range f="561" t="587"/><range f="1D00" t="1D2B"/><range f="1D6B" t="1D77"/><range f="1D79" t="1D9A"/><range f="1E01" t="1E01"/><range f="1E03" t="1E03"/><range f="1E05" t="1E05"/><range f="1E07" t="1E07"/><range f="1E09" t="1E09"/><range f="1E0B" t="1E0B"/><range f="1E0D" t="1E0D"/><range f="1E0F" t="1E0F"/><range f="1E11" t="1E11"/><range f="1E13" t="1E13"/><range f="1E15" t="1E15"/><range f="1E17" t="1E17"/><range f="1E19" t="1E19"/><range f="1E1B" t="1E1B"/><range f="1E1D" t="1E1D"/><range f="1E1F" t="1E1F"/><range f="1E21" t="1E21"/><range f="1E23" t="1E23"/><range f="1E25" t="1E25"/><range f="1E27" t="1E27"/><range f="1E29" t="1E29"/><range f="1E2B" t="1E2B"/><range f="1E2D" t="1E2D"/><range f="1E2F" t="1E2F"/><range f="1E31" t="1E31"/><range f="1E33" t="1E33"/><range f="1E35" t="1E35"/><range f="1E37" t="1E37"/><range f="1E39" t="1E39"/><range f="1E3B" t="1E3B"/><range f="1E3D" t="1E3D"/><range f="1E3F" t="1E3F"/><range f="1E41" t="1E41"/><range f="1E43" t="1E43"/><range f="1E45" t="1E45"/><range f="1E47" t="1E47"/><range f="1E49" t="1E49"/><range f="1E4B" t="1E4B"/><range f="1E4D" t="1E4D"/><range f="1E4F" t="1E4F"/><range f="1E51" t="1E51"/><range f="1E53" t="1E53"/><range f="1E55" t="1E55"/><range f="1E57" t="1E57"/><range f="1E59" t="1E59"/><range f="1E5B" t="1E5B"/><range f="1E5D" t="1E5D"/><range f="1E5F" t="1E5F"/><range f="1E61" t="1E61"/><range f="1E63" t="1E63"/><range f="1E65" t="1E65"/><range f="1E67" t="1E67"/><range f="1E69" t="1E69"/><range f="1E6B" t="1E6B"/><range f="1E6D" t="1E6D"/><range f="1E6F" t="1E6F"/><range f="1E71" t="1E71"/><range f="1E73" t="1E73"/><range f="1E75" t="1E75"/><range f="1E77" t="1E77"/><range f="1E79" t="1E79"/><range f="1E7B" t="1E7B"/><range f="1E7D" t="1E7D"/><range f="1E7F" t="1E7F"/><range f="1E81" t="1E81"/><range f="1E83" t="1E83"/><range f="1E85" t="1E85"/><range f="1E87" t="1E87"/><range f="1E89" t="1E89"/><range f="1E8B" t="1E8B"/><range f="1E8D" t="1E8D"/><range f="1E8F" t="1E8F"/><range f="1E91" t="1E91"/><range f="1E93" t="1E93"/><range f="1E95" t="1E9D"/><range f="1E9F" t="1E9F"/><range f="1EA1" t="1EA1"/><range f="1EA3" t="1EA3"/><range f="1EA5" t="1EA5"/><range f="1EA7" t="1EA7"/><range f="1EA9" t="1EA9"/><range f="1EAB" t="1EAB"/><range f="1EAD" t="1EAD"/><range f="1EAF" t="1EAF"/><range f="1EB1" t="1EB1"/><range f="1EB3" t="1EB3"/><range f="1EB5" t="1EB5"/><range f="1EB7" t="1EB7"/><range f="1EB9" t="1EB9"/><range f="1EBB" t="1EBB"/><range f="1EBD" t="1EBD"/><range f="1EBF" t="1EBF"/><range f="1EC1" t="1EC1"/><range f="1EC3" t="1EC3"/><range f="1EC5" t="1EC5"/><range f="1EC7" t="1EC7"/><range f="1EC9" t="1EC9"/><range f="1ECB" t="1ECB"/><range f="1ECD" t="1ECD"/><range f="1ECF" t="1ECF"/><range f="1ED1" t="1ED1"/><range f="1ED3" t="1ED3"/><range f="1ED5" t="1ED5"/><range f="1ED7" t="1ED7"/><range f="1ED9" t="1ED9"/><range f="1EDB" t="1EDB"/><range f="1EDD" t="1EDD"/><range f="1EDF" t="1EDF"/><range f="1EE1" t="1EE1"/><range f="1EE3" t="1EE3"/><range f="1EE5" t="1EE5"/><range f="1EE7" t="1EE7"/><range f="1EE9" t="1EE9"/><range f="1EEB" t="1EEB"/><range f="1EED" t="1EED"/><range f="1EEF" t="1EEF"/><range f="1EF1" t="1EF1"/><range f="1EF3" t="1EF3"/><range f="1EF5" t="1EF5"/><range f="1EF7" t="1EF7"/><range f="1EF9" t="1EF9"/><range f="1EFB" t="1EFB"/><range f="1EFD" t="1EFD"/><range f="1EFF" t="1F07"/><range f="1F10" t="1F15"/><range f="1F20" t="1F27"/><range f="1F30" t="1F37"/><range f="1F40" t="1F45"/><range f="1F50" t="1F57"/><range f="1F60" t="1F67"/><range f="1F70" t="1F7D"/><range f="1F80" t="1F87"/><range f="1F90" t="1F97"/><range f="1FA0" t="1FA7"/><range f="1FB0" t="1FB4"/><range f="1FB6" t="1FB7"/><range f="1FBE" t="1FBE"/><range f="1FC2" t="1FC4"/><range f="1FC6" t="1FC7"/><range f="1FD0" t="1FD3"/><range f="1FD6" t="1FD7"/><range f="1FE0" t="1FE7"/><range f="1FF2" t="1FF4"/><range f="1FF6" t="1FF7"/><range f="210A" t="210A"/><range f="210E" t="210F"/><range f="2113" t="2113"/><range f="212F" t="212F"/><range f="2134" t="2134"/><range f="2139" t="2139"/><range f="213C" t="213D"/><range f="2146" t="2149"/><range f="214E" t="214E"/><range f="2184" t="2184"/><range f="2C30" t="2C5E"/><range f="2C61" t="2C61"/><range f="2C65" t="2C66"/><range f="2C68" t="2C68"/><range f="2C6A" t="2C6A"/><range f="2C6C" t="2C6C"/><range f="2C71" t="2C71"/><range f="2C73" t="2C74"/><range f="2C76" t="2C7B"/><range f="2C81" t="2C81"/><range f="2C83" t="2C83"/><range f="2C85" t="2C85"/><range f="2C87" t="2C87"/><range f="2C89" t="2C89"/><range f="2C8B" t="2C8B"/><range f="2C8D" t="2C8D"/><range f="2C8F" t="2C8F"/><range f="2C91" t="2C91"/><range f="2C93" t="2C93"/><range f="2C95" t="2C95"/><range f="2C97" t="2C97"/><range f="2C99" t="2C99"/><range f="2C9B" t="2C9B"/><range f="2C9D" t="2C9D"/><range f="2C9F" t="2C9F"/><range f="2CA1" t="2CA1"/><range f="2CA3" t="2CA3"/><range f="2CA5" t="2CA5"/><range f="2CA7" t="2CA7"/><range f="2CA9" t="2CA9"/><range f="2CAB" t="2CAB"/><range f="2CAD" t="2CAD"/><range f="2CAF" t="2CAF"/><range f="2CB1" t="2CB1"/><range f="2CB3" t="2CB3"/><range f="2CB5" t="2CB5"/><range f="2CB7" t="2CB7"/><range f="2CB9" t="2CB9"/><range f="2CBB" t="2CBB"/><range f="2CBD" t="2CBD"/><range f="2CBF" t="2CBF"/><range f="2CC1" t="2CC1"/><range f="2CC3" t="2CC3"/><range f="2CC5" t="2CC5"/><range f="2CC7" t="2CC7"/><range f="2CC9" t="2CC9"/><range f="2CCB" t="2CCB"/><range f="2CCD" t="2CCD"/><range f="2CCF" t="2CCF"/><range f="2CD1" t="2CD1"/><range f="2CD3" t="2CD3"/><range f="2CD5" t="2CD5"/><range f="2CD7" t="2CD7"/><range f="2CD9" t="2CD9"/><range f="2CDB" t="2CDB"/><range f="2CDD" t="2CDD"/><range f="2CDF" t="2CDF"/><range f="2CE1" t="2CE1"/><range f="2CE3" t="2CE4"/><range f="2CEC" t="2CEC"/><range f="2CEE" t="2CEE"/><range f="2CF3" t="2CF3"/><range f="2D00" t="2D25"/><range f="2D27" t="2D27"/><range f="2D2D" t="2D2D"/><range f="A641" t="A641"/><range f="A643" t="A643"/><range f="A645" t="A645"/><range f="A647" t="A647"/><range f="A649" t="A649"/><range f="A64B" t="A64B"/><range f="A64D" t="A64D"/><range f="A64F" t="A64F"/><range f="A651" t="A651"/><range f="A653" t="A653"/><range f="A655" t="A655"/><range f="A657" t="A657"/><range f="A659" t="A659"/><range f="A65B" t="A65B"/><range f="A65D" t="A65D"/><range f="A65F" t="A65F"/><range f="A661" t="A661"/><range f="A663" t="A663"/><range f="A665" t="A665"/><range f="A667" t="A667"/><range f="A669" t="A669"/><range f="A66B" t="A66B"/><range f="A66D" t="A66D"/><range f="A681" t="A681"/><range f="A683" t="A683"/><range f="A685" t="A685"/><range f="A687" t="A687"/><range f="A689" t="A689"/><range f="A68B" t="A68B"/><range f="A68D" t="A68D"/><range f="A68F" t="A68F"/><range f="A691" t="A691"/><range f="A693" t="A693"/><range f="A695" t="A695"/><range f="A697" t="A697"/><range f="A723" t="A723"/><range f="A725" t="A725"/><range f="A727" t="A727"/><range f="A729" t="A729"/><range f="A72B" t="A72B"/><range f="A72D" t="A72D"/><range f="A72F" t="A731"/><range f="A733" t="A733"/><range f="A735" t="A735"/><range f="A737" t="A737"/><range f="A739" t="A739"/><range f="A73B" t="A73B"/><range f="A73D" t="A73D"/><range f="A73F" t="A73F"/><range f="A741" t="A741"/><range f="A743" t="A743"/><range f="A745" t="A745"/><range f="A747" t="A747"/><range f="A749" t="A749"/><range f="A74B" t="A74B"/><range f="A74D" t="A74D"/><range f="A74F" t="A74F"/><range f="A751" t="A751"/><range f="A753" t="A753"/><range f="A755" t="A755"/><range f="A757" t="A757"/><range f="A759" t="A759"/><range f="A75B" t="A75B"/><range f="A75D" t="A75D"/><range f="A75F" t="A75F"/><range f="A761" t="A761"/><range f="A763" t="A763"/><range f="A765" t="A765"/><range f="A767" t="A767"/><range f="A769" t="A769"/><range f="A76B" t="A76B"/><range f="A76D" t="A76D"/><range f="A76F" t="A76F"/><range f="A771" t="A778"/><range f="A77A" t="A77A"/><range f="A77C" t="A77C"/><range f="A77F" t="A77F"/><range f="A781" t="A781"/><range f="A783" t="A783"/><range f="A785" t="A785"/><range f="A787" t="A787"/><range f="A78C" t="A78C"/><range f="A78E" t="A78E"/><range f="A791" t="A791"/><range f="A793" t="A793"/><range f="A7A1" t="A7A1"/><range f="A7A3" t="A7A3"/><range f="A7A5" t="A7A5"/><range f="A7A7" t="A7A7"/><range f="A7A9" t="A7A9"/><range f="A7FA" t="A7FA"/><range f="FB00" t="FB06"/><range f="FB13" t="FB17"/><range f="FF41" t="FF5A"/><range f="10428" t="1044F"/><range f="1D41A" t="1D433"/><range f="1D44E" t="1D454"/><range f="1D456" t="1D467"/><range f="1D482" t="1D49B"/><range f="1D4B6" t="1D4B9"/><range f="1D4BB" t="1D4BB"/><range f="1D4BD" t="1D4C3"/><range f="1D4C5" t="1D4CF"/><range f="1D4EA" t="1D503"/><range f="1D51E" t="1D537"/><range f="1D552" t="1D56B"/><range f="1D586" t="1D59F"/><range f="1D5BA" t="1D5D3"/><range f="1D5EE" t="1D607"/><range f="1D622" t="1D63B"/><range f="1D656" t="1D66F"/><range f="1D68A" t="1D6A5"/><range f="1D6C2" t="1D6DA"/><range f="1D6DC" t="1D6E1"/><range f="1D6FC" t="1D714"/><range f="1D716" t="1D71B"/><range f="1D736" t="1D74E"/><range f="1D750" t="1D755"/><range f="1D770" t="1D788"/><range f="1D78A" t="1D78F"/><range f="1D7AA" t="1D7C2"/><range f="1D7C4" t="1D7C9"/><range f="1D7CB" t="1D7CB"/></cat>
   <cat name="Lm"><range f="2B0" t="2C1"/><range f="2C6" t="2D1"/><range f="2E0" t="2E4"/><range f="2EC" t="2EC"/><range f="2EE" t="2EE"/><range f="374" t="374"/><range f="37A" t="37A"/><range f="559" t="559"/><range f="640" t="640"/><range f="6E5" t="6E6"/><range f="7F4" t="7F5"/><range f="7FA" t="7FA"/><range f="81A" t="81A"/><range f="824" t="824"/><range f="828" t="828"/><range f="971" t="971"/><range f="E46" t="E46"/><range f="EC6" t="EC6"/><range f="10FC" t="10FC"/><range f="17D7" t="17D7"/><range f="1843" t="1843"/><range f="1AA7" t="1AA7"/><range f="1C78" t="1C7D"/><range f="1D2C" t="1D6A"/><range f="1D78" t="1D78"/><range f="1D9B" t="1DBF"/><range f="2071" t="2071"/><range f="207F" t="207F"/><range f="2090" t="209C"/><range f="2C7C" t="2C7D"/><range f="2D6F" t="2D6F"/><range f="2E2F" t="2E2F"/><range f="3005" t="3005"/><range f="3031" t="3035"/><range f="303B" t="303B"/><range f="309D" t="309E"/><range f="30FC" t="30FE"/><range f="A015" t="A015"/><range f="A4F8" t="A4FD"/><range f="A60C" t="A60C"/><range f="A67F" t="A67F"/><range f="A717" t="A71F"/><range f="A770" t="A770"/><range f="A788" t="A788"/><range f="A7F8" t="A7F9"/><range f="A9CF" t="A9CF"/><range f="AA70" t="AA70"/><range f="AADD" t="AADD"/><range f="AAF3" t="AAF4"/><range f="FF70" t="FF70"/><range f="FF9E" t="FF9F"/><range f="16F93" t="16F9F"/></cat>
   <cat name="Lo"><range f="AA" t="AA"/><range f="BA" t="BA"/><range f="1BB" t="1BB"/><range f="1C0" t="1C3"/><range f="294" t="294"/><range f="5D0" t="5EA"/><range f="5F0" t="5F2"/><range f="620" t="63F"/><range f="641" t="64A"/><range f="66E" t="66F"/><range f="671" t="6D3"/><range f="6D5" t="6D5"/><range f="6EE" t="6EF"/><range f="6FA" t="6FC"/><range f="6FF" t="6FF"/><range f="710" t="710"/><range f="712" t="72F"/><range f="74D" t="7A5"/><range f="7B1" t="7B1"/><range f="7CA" t="7EA"/><range f="800" t="815"/><range f="840" t="858"/><range f="8A0" t="8A0"/><range f="8A2" t="8AC"/><range f="904" t="939"/><range f="93D" t="93D"/><range f="950" t="950"/><range f="958" t="961"/><range f="972" t="977"/><range f="979" t="97F"/><range f="985" t="98C"/><range f="98F" t="990"/><range f="993" t="9A8"/><range f="9AA" t="9B0"/><range f="9B2" t="9B2"/><range f="9B6" t="9B9"/><range f="9BD" t="9BD"/><range f="9CE" t="9CE"/><range f="9DC" t="9DD"/><range f="9DF" t="9E1"/><range f="9F0" t="9F1"/><range f="A05" t="A0A"/><range f="A0F" t="A10"/><range f="A13" t="A28"/><range f="A2A" t="A30"/><range f="A32" t="A33"/><range f="A35" t="A36"/><range f="A38" t="A39"/><range f="A59" t="A5C"/><range f="A5E" t="A5E"/><range f="A72" t="A74"/><range f="A85" t="A8D"/><range f="A8F" t="A91"/><range f="A93" t="AA8"/><range f="AAA" t="AB0"/><range f="AB2" t="AB3"/><range f="AB5" t="AB9"/><range f="ABD" t="ABD"/><range f="AD0" t="AD0"/><range f="AE0" t="AE1"/><range f="B05" t="B0C"/><range f="B0F" t="B10"/><range f="B13" t="B28"/><range f="B2A" t="B30"/><range f="B32" t="B33"/><range f="B35" t="B39"/><range f="B3D" t="B3D"/><range f="B5C" t="B5D"/><range f="B5F" t="B61"/><range f="B71" t="B71"/><range f="B83" t="B83"/><range f="B85" t="B8A"/><range f="B8E" t="B90"/><range f="B92" t="B95"/><range f="B99" t="B9A"/><range f="B9C" t="B9C"/><range f="B9E" t="B9F"/><range f="BA3" t="BA4"/><range f="BA8" t="BAA"/><range f="BAE" t="BB9"/><range f="BD0" t="BD0"/><range f="C05" t="C0C"/><range f="C0E" t="C10"/><range f="C12" t="C28"/><range f="C2A" t="C33"/><range f="C35" t="C39"/><range f="C3D" t="C3D"/><range f="C58" t="C59"/><range f="C60" t="C61"/><range f="C85" t="C8C"/><range f="C8E" t="C90"/><range f="C92" t="CA8"/><range f="CAA" t="CB3"/><range f="CB5" t="CB9"/><range f="CBD" t="CBD"/><range f="CDE" t="CDE"/><range f="CE0" t="CE1"/><range f="CF1" t="CF2"/><range f="D05" t="D0C"/><range f="D0E" t="D10"/><range f="D12" t="D3A"/><range f="D3D" t="D3D"/><range f="D4E" t="D4E"/><range f="D60" t="D61"/><range f="D7A" t="D7F"/><range f="D85" t="D96"/><range f="D9A" t="DB1"/><range f="DB3" t="DBB"/><range f="DBD" t="DBD"/><range f="DC0" t="DC6"/><range f="E01" t="E30"/><range f="E32" t="E33"/><range f="E40" t="E45"/><range f="E81" t="E82"/><range f="E84" t="E84"/><range f="E87" t="E88"/><range f="E8A" t="E8A"/><range f="E8D" t="E8D"/><range f="E94" t="E97"/><range f="E99" t="E9F"/><range f="EA1" t="EA3"/><range f="EA5" t="EA5"/><range f="EA7" t="EA7"/><range f="EAA" t="EAB"/><range f="EAD" t="EB0"/><range f="EB2" t="EB3"/><range f="EBD" t="EBD"/><range f="EC0" t="EC4"/><range f="EDC" t="EDF"/><range f="F00" t="F00"/><range f="F40" t="F47"/><range f="F49" t="F6C"/><range f="F88" t="F8C"/><range f="1000" t="102A"/><range f="103F" t="103F"/><range f="1050" t="1055"/><range f="105A" t="105D"/><range f="1061" t="1061"/><range f="1065" t="1066"/><range f="106E" t="1070"/><range f="1075" t="1081"/><range f="108E" t="108E"/><range f="10D0" t="10FA"/><range f="10FD" t="1248"/><range f="124A" t="124D"/><range f="1250" t="1256"/><range f="1258" t="1258"/><range f="125A" t="125D"/><range f="1260" t="1288"/><range f="128A" t="128D"/><range f="1290" t="12B0"/><range f="12B2" t="12B5"/><range f="12B8" t="12BE"/><range f="12C0" t="12C0"/><range f="12C2" t="12C5"/><range f="12C8" t="12D6"/><range f="12D8" t="1310"/><range f="1312" t="1315"/><range f="1318" t="135A"/><range f="1380" t="138F"/><range f="13A0" t="13F4"/><range f="1401" t="166C"/><range f="166F" t="167F"/><range f="1681" t="169A"/><range f="16A0" t="16EA"/><range f="1700" t="170C"/><range f="170E" t="1711"/><range f="1720" t="1731"/><range f="1740" t="1751"/><range f="1760" t="176C"/><range f="176E" t="1770"/><range f="1780" t="17B3"/><range f="17DC" t="17DC"/><range f="1820" t="1842"/><range f="1844" t="1877"/><range f="1880" t="18A8"/><range f="18AA" t="18AA"/><range f="18B0" t="18F5"/><range f="1900" t="191C"/><range f="1950" t="196D"/><range f="1970" t="1974"/><range f="1980" t="19AB"/><range f="19C1" t="19C7"/><range f="1A00" t="1A16"/><range f="1A20" t="1A54"/><range f="1B05" t="1B33"/><range f="1B45" t="1B4B"/><range f="1B83" t="1BA0"/><range f="1BAE" t="1BAF"/><range f="1BBA" t="1BE5"/><range f="1C00" t="1C23"/><range f="1C4D" t="1C4F"/><range f="1C5A" t="1C77"/><range f="1CE9" t="1CEC"/><range f="1CEE" t="1CF1"/><range f="1CF5" t="1CF6"/><range f="2135" t="2138"/><range f="2D30" t="2D67"/><range f="2D80" t="2D96"/><range f="2DA0" t="2DA6"/><range f="2DA8" t="2DAE"/><range f="2DB0" t="2DB6"/><range f="2DB8" t="2DBE"/><range f="2DC0" t="2DC6"/><range f="2DC8" t="2DCE"/><range f="2DD0" t="2DD6"/><range f="2DD8" t="2DDE"/><range f="3006" t="3006"/><range f="303C" t="303C"/><range f="3041" t="3096"/><range f="309F" t="309F"/><range f="30A1" t="30FA"/><range f="30FF" t="30FF"/><range f="3105" t="312D"/><range f="3131" t="318E"/><range f="31A0" t="31BA"/><range f="31F0" t="31FF"/><range f="3400" t="4DB5"/><range f="4E00" t="9FCC"/><range f="A000" t="A014"/><range f="A016" t="A48C"/><range f="A4D0" t="A4F7"/><range f="A500" t="A60B"/><range f="A610" t="A61F"/><range f="A62A" t="A62B"/><range f="A66E" t="A66E"/><range f="A6A0" t="A6E5"/><range f="A7FB" t="A801"/><range f="A803" t="A805"/><range f="A807" t="A80A"/><range f="A80C" t="A822"/><range f="A840" t="A873"/><range f="A882" t="A8B3"/><range f="A8F2" t="A8F7"/><range f="A8FB" t="A8FB"/><range f="A90A" t="A925"/><range f="A930" t="A946"/><range f="A960" t="A97C"/><range f="A984" t="A9B2"/><range f="AA00" t="AA28"/><range f="AA40" t="AA42"/><range f="AA44" t="AA4B"/><range f="AA60" t="AA6F"/><range f="AA71" t="AA76"/><range f="AA7A" t="AA7A"/><range f="AA80" t="AAAF"/><range f="AAB1" t="AAB1"/><range f="AAB5" t="AAB6"/><range f="AAB9" t="AABD"/><range f="AAC0" t="AAC0"/><range f="AAC2" t="AAC2"/><range f="AADB" t="AADC"/><range f="AAE0" t="AAEA"/><range f="AAF2" t="AAF2"/><range f="AB01" t="AB06"/><range f="AB09" t="AB0E"/><range f="AB11" t="AB16"/><range f="AB20" t="AB26"/><range f="AB28" t="AB2E"/><range f="ABC0" t="ABE2"/><range f="AC00" t="D7A3"/><range f="D7B0" t="D7C6"/><range f="D7CB" t="D7FB"/><range f="F900" t="FA6D"/><range f="FA70" t="FAD9"/><range f="FB1D" t="FB1D"/><range f="FB1F" t="FB28"/><range f="FB2A" t="FB36"/><range f="FB38" t="FB3C"/><range f="FB3E" t="FB3E"/><range f="FB40" t="FB41"/><range f="FB43" t="FB44"/><range f="FB46" t="FBB1"/><range f="FBD3" t="FD3D"/><range f="FD50" t="FD8F"/><range f="FD92" t="FDC7"/><range f="FDF0" t="FDFB"/><range f="FE70" t="FE74"/><range f="FE76" t="FEFC"/><range f="FF66" t="FF6F"/><range f="FF71" t="FF9D"/><range f="FFA0" t="FFBE"/><range f="FFC2" t="FFC7"/><range f="FFCA" t="FFCF"/><range f="FFD2" t="FFD7"/><range f="FFDA" t="FFDC"/><range f="10000" t="1000B"/><range f="1000D" t="10026"/><range f="10028" t="1003A"/><range f="1003C" t="1003D"/><range f="1003F" t="1004D"/><range f="10050" t="1005D"/><range f="10080" t="100FA"/><range f="10280" t="1029C"/><range f="102A0" t="102D0"/><range f="10300" t="1031E"/><range f="10330" t="10340"/><range f="10342" t="10349"/><range f="10380" t="1039D"/><range f="103A0" t="103C3"/><range f="103C8" t="103CF"/><range f="10450" t="1049D"/><range f="10800" t="10805"/><range f="10808" t="10808"/><range f="1080A" t="10835"/><range f="10837" t="10838"/><range f="1083C" t="1083C"/><range f="1083F" t="10855"/><range f="10900" t="10915"/><range f="10920" t="10939"/><range f="10980" t="109B7"/><range f="109BE" t="109BF"/><range f="10A00" t="10A00"/><range f="10A10" t="10A13"/><range f="10A15" t="10A17"/><range f="10A19" t="10A33"/><range f="10A60" t="10A7C"/><range f="10B00" t="10B35"/><range f="10B40" t="10B55"/><range f="10B60" t="10B72"/><range f="10C00" t="10C48"/><range f="11003" t="11037"/><range f="11083" t="110AF"/><range f="110D0" t="110E8"/><range f="11103" t="11126"/><range f="11183" t="111B2"/><range f="111C1" t="111C4"/><range f="11680" t="116AA"/><range f="12000" t="1236E"/><range f="13000" t="1342E"/><range f="16800" t="16A38"/><range f="16F00" t="16F44"/><range f="16F50" t="16F50"/><range f="1B000" t="1B001"/><range f="1EE00" t="1EE03"/><range f="1EE05" t="1EE1F"/><range f="1EE21" t="1EE22"/><range f="1EE24" t="1EE24"/><range f="1EE27" t="1EE27"/><range f="1EE29" t="1EE32"/><range f="1EE34" t="1EE37"/><range f="1EE39" t="1EE39"/><range f="1EE3B" t="1EE3B"/><range f="1EE42" t="1EE42"/><range f="1EE47" t="1EE47"/><range f="1EE49" t="1EE49"/><range f="1EE4B" t="1EE4B"/><range f="1EE4D" t="1EE4F"/><range f="1EE51" t="1EE52"/><range f="1EE54" t="1EE54"/><range f="1EE57" t="1EE57"/><range f="1EE59" t="1EE59"/><range f="1EE5B" t="1EE5B"/><range f="1EE5D" t="1EE5D"/><range f="1EE5F" t="1EE5F"/><range f="1EE61" t="1EE62"/><range f="1EE64" t="1EE64"/><range f="1EE67" t="1EE6A"/><range f="1EE6C" t="1EE72"/><range f="1EE74" t="1EE77"/><range f="1EE79" t="1EE7C"/><range f="1EE7E" t="1EE7E"/><range f="1EE80" t="1EE89"/><range f="1EE8B" t="1EE9B"/><range f="1EEA1" t="1EEA3"/><range f="1EEA5" t="1EEA9"/><range f="1EEAB" t="1EEBB"/><range f="20000" t="2A6D6"/><range f="2A700" t="2B734"/><range f="2B740" t="2B81D"/><range f="2F800" t="2FA1D"/></cat>
   <cat name="Lt"><range f="1C5" t="1C5"/><range f="1C8" t="1C8"/><range f="1CB" t="1CB"/><range f="1F2" t="1F2"/><range f="1F88" t="1F8F"/><range f="1F98" t="1F9F"/><range f="1FA8" t="1FAF"/><range f="1FBC" t="1FBC"/><range f="1FCC" t="1FCC"/><range f="1FFC" t="1FFC"/></cat>
   <cat name="Lu"><range f="41" t="5A"/><range f="C0" t="D6"/><range f="D8" t="DE"/><range f="100" t="100"/><range f="102" t="102"/><range f="104" t="104"/><range f="106" t="106"/><range f="108" t="108"/><range f="10A" t="10A"/><range f="10C" t="10C"/><range f="10E" t="10E"/><range f="110" t="110"/><range f="112" t="112"/><range f="114" t="114"/><range f="116" t="116"/><range f="118" t="118"/><range f="11A" t="11A"/><range f="11C" t="11C"/><range f="11E" t="11E"/><range f="120" t="120"/><range f="122" t="122"/><range f="124" t="124"/><range f="126" t="126"/><range f="128" t="128"/><range f="12A" t="12A"/><range f="12C" t="12C"/><range f="12E" t="12E"/><range f="130" t="130"/><range f="132" t="132"/><range f="134" t="134"/><range f="136" t="136"/><range f="139" t="139"/><range f="13B" t="13B"/><range f="13D" t="13D"/><range f="13F" t="13F"/><range f="141" t="141"/><range f="143" t="143"/><range f="145" t="145"/><range f="147" t="147"/><range f="14A" t="14A"/><range f="14C" t="14C"/><range f="14E" t="14E"/><range f="150" t="150"/><range f="152" t="152"/><range f="154" t="154"/><range f="156" t="156"/><range f="158" t="158"/><range f="15A" t="15A"/><range f="15C" t="15C"/><range f="15E" t="15E"/><range f="160" t="160"/><range f="162" t="162"/><range f="164" t="164"/><range f="166" t="166"/><range f="168" t="168"/><range f="16A" t="16A"/><range f="16C" t="16C"/><range f="16E" t="16E"/><range f="170" t="170"/><range f="172" t="172"/><range f="174" t="174"/><range f="176" t="176"/><range f="178" t="179"/><range f="17B" t="17B"/><range f="17D" t="17D"/><range f="181" t="182"/><range f="184" t="184"/><range f="186" t="187"/><range f="189" t="18B"/><range f="18E" t="191"/><range f="193" t="194"/><range f="196" t="198"/><range f="19C" t="19D"/><range f="19F" t="1A0"/><range f="1A2" t="1A2"/><range f="1A4" t="1A4"/><range f="1A6" t="1A7"/><range f="1A9" t="1A9"/><range f="1AC" t="1AC"/><range f="1AE" t="1AF"/><range f="1B1" t="1B3"/><range f="1B5" t="1B5"/><range f="1B7" t="1B8"/><range f="1BC" t="1BC"/><range f="1C4" t="1C4"/><range f="1C7" t="1C7"/><range f="1CA" t="1CA"/><range f="1CD" t="1CD"/><range f="1CF" t="1CF"/><range f="1D1" t="1D1"/><range f="1D3" t="1D3"/><range f="1D5" t="1D5"/><range f="1D7" t="1D7"/><range f="1D9" t="1D9"/><range f="1DB" t="1DB"/><range f="1DE" t="1DE"/><range f="1E0" t="1E0"/><range f="1E2" t="1E2"/><range f="1E4" t="1E4"/><range f="1E6" t="1E6"/><range f="1E8" t="1E8"/><range f="1EA" t="1EA"/><range f="1EC" t="1EC"/><range f="1EE" t="1EE"/><range f="1F1" t="1F1"/><range f="1F4" t="1F4"/><range f="1F6" t="1F8"/><range f="1FA" t="1FA"/><range f="1FC" t="1FC"/><range f="1FE" t="1FE"/><range f="200" t="200"/><range f="202" t="202"/><range f="204" t="204"/><range f="206" t="206"/><range f="208" t="208"/><range f="20A" t="20A"/><range f="20C" t="20C"/><range f="20E" t="20E"/><range f="210" t="210"/><range f="212" t="212"/><range f="214" t="214"/><range f="216" t="216"/><range f="218" t="218"/><range f="21A" t="21A"/><range f="21C" t="21C"/><range f="21E" t="21E"/><range f="220" t="220"/><range f="222" t="222"/><range f="224" t="224"/><range f="226" t="226"/><range f="228" t="228"/><range f="22A" t="22A"/><range f="22C" t="22C"/><range f="22E" t="22E"/><range f="230" t="230"/><range f="232" t="232"/><range f="23A" t="23B"/><range f="23D" t="23E"/><range f="241" t="241"/><range f="243" t="246"/><range f="248" t="248"/><range f="24A" t="24A"/><range f="24C" t="24C"/><range f="24E" t="24E"/><range f="370" t="370"/><range f="372" t="372"/><range f="376" t="376"/><range f="386" t="386"/><range f="388" t="38A"/><range f="38C" t="38C"/><range f="38E" t="38F"/><range f="391" t="3A1"/><range f="3A3" t="3AB"/><range f="3CF" t="3CF"/><range f="3D2" t="3D4"/><range f="3D8" t="3D8"/><range f="3DA" t="3DA"/><range f="3DC" t="3DC"/><range f="3DE" t="3DE"/><range f="3E0" t="3E0"/><range f="3E2" t="3E2"/><range f="3E4" t="3E4"/><range f="3E6" t="3E6"/><range f="3E8" t="3E8"/><range f="3EA" t="3EA"/><range f="3EC" t="3EC"/><range f="3EE" t="3EE"/><range f="3F4" t="3F4"/><range f="3F7" t="3F7"/><range f="3F9" t="3FA"/><range f="3FD" t="42F"/><range f="460" t="460"/><range f="462" t="462"/><range f="464" t="464"/><range f="466" t="466"/><range f="468" t="468"/><range f="46A" t="46A"/><range f="46C" t="46C"/><range f="46E" t="46E"/><range f="470" t="470"/><range f="472" t="472"/><range f="474" t="474"/><range f="476" t="476"/><range f="478" t="478"/><range f="47A" t="47A"/><range f="47C" t="47C"/><range f="47E" t="47E"/><range f="480" t="480"/><range f="48A" t="48A"/><range f="48C" t="48C"/><range f="48E" t="48E"/><range f="490" t="490"/><range f="492" t="492"/><range f="494" t="494"/><range f="496" t="496"/><range f="498" t="498"/><range f="49A" t="49A"/><range f="49C" t="49C"/><range f="49E" t="49E"/><range f="4A0" t="4A0"/><range f="4A2" t="4A2"/><range f="4A4" t="4A4"/><range f="4A6" t="4A6"/><range f="4A8" t="4A8"/><range f="4AA" t="4AA"/><range f="4AC" t="4AC"/><range f="4AE" t="4AE"/><range f="4B0" t="4B0"/><range f="4B2" t="4B2"/><range f="4B4" t="4B4"/><range f="4B6" t="4B6"/><range f="4B8" t="4B8"/><range f="4BA" t="4BA"/><range f="4BC" t="4BC"/><range f="4BE" t="4BE"/><range f="4C0" t="4C1"/><range f="4C3" t="4C3"/><range f="4C5" t="4C5"/><range f="4C7" t="4C7"/><range f="4C9" t="4C9"/><range f="4CB" t="4CB"/><range f="4CD" t="4CD"/><range f="4D0" t="4D0"/><range f="4D2" t="4D2"/><range f="4D4" t="4D4"/><range f="4D6" t="4D6"/><range f="4D8" t="4D8"/><range f="4DA" t="4DA"/><range f="4DC" t="4DC"/><range f="4DE" t="4DE"/><range f="4E0" t="4E0"/><range f="4E2" t="4E2"/><range f="4E4" t="4E4"/><range f="4E6" t="4E6"/><range f="4E8" t="4E8"/><range f="4EA" t="4EA"/><range f="4EC" t="4EC"/><range f="4EE" t="4EE"/><range f="4F0" t="4F0"/><range f="4F2" t="4F2"/><range f="4F4" t="4F4"/><range f="4F6" t="4F6"/><range f="4F8" t="4F8"/><range f="4FA" t="4FA"/><range f="4FC" t="4FC"/><range f="4FE" t="4FE"/><range f="500" t="500"/><range f="502" t="502"/><range f="504" t="504"/><range f="506" t="506"/><range f="508" t="508"/><range f="50A" t="50A"/><range f="50C" t="50C"/><range f="50E" t="50E"/><range f="510" t="510"/><range f="512" t="512"/><range f="514" t="514"/><range f="516" t="516"/><range f="518" t="518"/><range f="51A" t="51A"/><range f="51C" t="51C"/><range f="51E" t="51E"/><range f="520" t="520"/><range f="522" t="522"/><range f="524" t="524"/><range f="526" t="526"/><range f="531" t="556"/><range f="10A0" t="10C5"/><range f="10C7" t="10C7"/><range f="10CD" t="10CD"/><range f="1E00" t="1E00"/><range f="1E02" t="1E02"/><range f="1E04" t="1E04"/><range f="1E06" t="1E06"/><range f="1E08" t="1E08"/><range f="1E0A" t="1E0A"/><range f="1E0C" t="1E0C"/><range f="1E0E" t="1E0E"/><range f="1E10" t="1E10"/><range f="1E12" t="1E12"/><range f="1E14" t="1E14"/><range f="1E16" t="1E16"/><range f="1E18" t="1E18"/><range f="1E1A" t="1E1A"/><range f="1E1C" t="1E1C"/><range f="1E1E" t="1E1E"/><range f="1E20" t="1E20"/><range f="1E22" t="1E22"/><range f="1E24" t="1E24"/><range f="1E26" t="1E26"/><range f="1E28" t="1E28"/><range f="1E2A" t="1E2A"/><range f="1E2C" t="1E2C"/><range f="1E2E" t="1E2E"/><range f="1E30" t="1E30"/><range f="1E32" t="1E32"/><range f="1E34" t="1E34"/><range f="1E36" t="1E36"/><range f="1E38" t="1E38"/><range f="1E3A" t="1E3A"/><range f="1E3C" t="1E3C"/><range f="1E3E" t="1E3E"/><range f="1E40" t="1E40"/><range f="1E42" t="1E42"/><range f="1E44" t="1E44"/><range f="1E46" t="1E46"/><range f="1E48" t="1E48"/><range f="1E4A" t="1E4A"/><range f="1E4C" t="1E4C"/><range f="1E4E" t="1E4E"/><range f="1E50" t="1E50"/><range f="1E52" t="1E52"/><range f="1E54" t="1E54"/><range f="1E56" t="1E56"/><range f="1E58" t="1E58"/><range f="1E5A" t="1E5A"/><range f="1E5C" t="1E5C"/><range f="1E5E" t="1E5E"/><range f="1E60" t="1E60"/><range f="1E62" t="1E62"/><range f="1E64" t="1E64"/><range f="1E66" t="1E66"/><range f="1E68" t="1E68"/><range f="1E6A" t="1E6A"/><range f="1E6C" t="1E6C"/><range f="1E6E" t="1E6E"/><range f="1E70" t="1E70"/><range f="1E72" t="1E72"/><range f="1E74" t="1E74"/><range f="1E76" t="1E76"/><range f="1E78" t="1E78"/><range f="1E7A" t="1E7A"/><range f="1E7C" t="1E7C"/><range f="1E7E" t="1E7E"/><range f="1E80" t="1E80"/><range f="1E82" t="1E82"/><range f="1E84" t="1E84"/><range f="1E86" t="1E86"/><range f="1E88" t="1E88"/><range f="1E8A" t="1E8A"/><range f="1E8C" t="1E8C"/><range f="1E8E" t="1E8E"/><range f="1E90" t="1E90"/><range f="1E92" t="1E92"/><range f="1E94" t="1E94"/><range f="1E9E" t="1E9E"/><range f="1EA0" t="1EA0"/><range f="1EA2" t="1EA2"/><range f="1EA4" t="1EA4"/><range f="1EA6" t="1EA6"/><range f="1EA8" t="1EA8"/><range f="1EAA" t="1EAA"/><range f="1EAC" t="1EAC"/><range f="1EAE" t="1EAE"/><range f="1EB0" t="1EB0"/><range f="1EB2" t="1EB2"/><range f="1EB4" t="1EB4"/><range f="1EB6" t="1EB6"/><range f="1EB8" t="1EB8"/><range f="1EBA" t="1EBA"/><range f="1EBC" t="1EBC"/><range f="1EBE" t="1EBE"/><range f="1EC0" t="1EC0"/><range f="1EC2" t="1EC2"/><range f="1EC4" t="1EC4"/><range f="1EC6" t="1EC6"/><range f="1EC8" t="1EC8"/><range f="1ECA" t="1ECA"/><range f="1ECC" t="1ECC"/><range f="1ECE" t="1ECE"/><range f="1ED0" t="1ED0"/><range f="1ED2" t="1ED2"/><range f="1ED4" t="1ED4"/><range f="1ED6" t="1ED6"/><range f="1ED8" t="1ED8"/><range f="1EDA" t="1EDA"/><range f="1EDC" t="1EDC"/><range f="1EDE" t="1EDE"/><range f="1EE0" t="1EE0"/><range f="1EE2" t="1EE2"/><range f="1EE4" t="1EE4"/><range f="1EE6" t="1EE6"/><range f="1EE8" t="1EE8"/><range f="1EEA" t="1EEA"/><range f="1EEC" t="1EEC"/><range f="1EEE" t="1EEE"/><range f="1EF0" t="1EF0"/><range f="1EF2" t="1EF2"/><range f="1EF4" t="1EF4"/><range f="1EF6" t="1EF6"/><range f="1EF8" t="1EF8"/><range f="1EFA" t="1EFA"/><range f="1EFC" t="1EFC"/><range f="1EFE" t="1EFE"/><range f="1F08" t="1F0F"/><range f="1F18" t="1F1D"/><range f="1F28" t="1F2F"/><range f="1F38" t="1F3F"/><range f="1F48" t="1F4D"/><range f="1F59" t="1F59"/><range f="1F5B" t="1F5B"/><range f="1F5D" t="1F5D"/><range f="1F5F" t="1F5F"/><range f="1F68" t="1F6F"/><range f="1FB8" t="1FBB"/><range f="1FC8" t="1FCB"/><range f="1FD8" t="1FDB"/><range f="1FE8" t="1FEC"/><range f="1FF8" t="1FFB"/><range f="2102" t="2102"/><range f="2107" t="2107"/><range f="210B" t="210D"/><range f="2110" t="2112"/><range f="2115" t="2115"/><range f="2119" t="211D"/><range f="2124" t="2124"/><range f="2126" t="2126"/><range f="2128" t="2128"/><range f="212A" t="212D"/><range f="2130" t="2133"/><range f="213E" t="213F"/><range f="2145" t="2145"/><range f="2183" t="2183"/><range f="2C00" t="2C2E"/><range f="2C60" t="2C60"/><range f="2C62" t="2C64"/><range f="2C67" t="2C67"/><range f="2C69" t="2C69"/><range f="2C6B" t="2C6B"/><range f="2C6D" t="2C70"/><range f="2C72" t="2C72"/><range f="2C75" t="2C75"/><range f="2C7E" t="2C80"/><range f="2C82" t="2C82"/><range f="2C84" t="2C84"/><range f="2C86" t="2C86"/><range f="2C88" t="2C88"/><range f="2C8A" t="2C8A"/><range f="2C8C" t="2C8C"/><range f="2C8E" t="2C8E"/><range f="2C90" t="2C90"/><range f="2C92" t="2C92"/><range f="2C94" t="2C94"/><range f="2C96" t="2C96"/><range f="2C98" t="2C98"/><range f="2C9A" t="2C9A"/><range f="2C9C" t="2C9C"/><range f="2C9E" t="2C9E"/><range f="2CA0" t="2CA0"/><range f="2CA2" t="2CA2"/><range f="2CA4" t="2CA4"/><range f="2CA6" t="2CA6"/><range f="2CA8" t="2CA8"/><range f="2CAA" t="2CAA"/><range f="2CAC" t="2CAC"/><range f="2CAE" t="2CAE"/><range f="2CB0" t="2CB0"/><range f="2CB2" t="2CB2"/><range f="2CB4" t="2CB4"/><range f="2CB6" t="2CB6"/><range f="2CB8" t="2CB8"/><range f="2CBA" t="2CBA"/><range f="2CBC" t="2CBC"/><range f="2CBE" t="2CBE"/><range f="2CC0" t="2CC0"/><range f="2CC2" t="2CC2"/><range f="2CC4" t="2CC4"/><range f="2CC6" t="2CC6"/><range f="2CC8" t="2CC8"/><range f="2CCA" t="2CCA"/><range f="2CCC" t="2CCC"/><range f="2CCE" t="2CCE"/><range f="2CD0" t="2CD0"/><range f="2CD2" t="2CD2"/><range f="2CD4" t="2CD4"/><range f="2CD6" t="2CD6"/><range f="2CD8" t="2CD8"/><range f="2CDA" t="2CDA"/><range f="2CDC" t="2CDC"/><range f="2CDE" t="2CDE"/><range f="2CE0" t="2CE0"/><range f="2CE2" t="2CE2"/><range f="2CEB" t="2CEB"/><range f="2CED" t="2CED"/><range f="2CF2" t="2CF2"/><range f="A640" t="A640"/><range f="A642" t="A642"/><range f="A644" t="A644"/><range f="A646" t="A646"/><range f="A648" t="A648"/><range f="A64A" t="A64A"/><range f="A64C" t="A64C"/><range f="A64E" t="A64E"/><range f="A650" t="A650"/><range f="A652" t="A652"/><range f="A654" t="A654"/><range f="A656" t="A656"/><range f="A658" t="A658"/><range f="A65A" t="A65A"/><range f="A65C" t="A65C"/><range f="A65E" t="A65E"/><range f="A660" t="A660"/><range f="A662" t="A662"/><range f="A664" t="A664"/><range f="A666" t="A666"/><range f="A668" t="A668"/><range f="A66A" t="A66A"/><range f="A66C" t="A66C"/><range f="A680" t="A680"/><range f="A682" t="A682"/><range f="A684" t="A684"/><range f="A686" t="A686"/><range f="A688" t="A688"/><range f="A68A" t="A68A"/><range f="A68C" t="A68C"/><range f="A68E" t="A68E"/><range f="A690" t="A690"/><range f="A692" t="A692"/><range f="A694" t="A694"/><range f="A696" t="A696"/><range f="A722" t="A722"/><range f="A724" t="A724"/><range f="A726" t="A726"/><range f="A728" t="A728"/><range f="A72A" t="A72A"/><range f="A72C" t="A72C"/><range f="A72E" t="A72E"/><range f="A732" t="A732"/><range f="A734" t="A734"/><range f="A736" t="A736"/><range f="A738" t="A738"/><range f="A73A" t="A73A"/><range f="A73C" t="A73C"/><range f="A73E" t="A73E"/><range f="A740" t="A740"/><range f="A742" t="A742"/><range f="A744" t="A744"/><range f="A746" t="A746"/><range f="A748" t="A748"/><range f="A74A" t="A74A"/><range f="A74C" t="A74C"/><range f="A74E" t="A74E"/><range f="A750" t="A750"/><range f="A752" t="A752"/><range f="A754" t="A754"/><range f="A756" t="A756"/><range f="A758" t="A758"/><range f="A75A" t="A75A"/><range f="A75C" t="A75C"/><range f="A75E" t="A75E"/><range f="A760" t="A760"/><range f="A762" t="A762"/><range f="A764" t="A764"/><range f="A766" t="A766"/><range f="A768" t="A768"/><range f="A76A" t="A76A"/><range f="A76C" t="A76C"/><range f="A76E" t="A76E"/><range f="A779" t="A779"/><range f="A77B" t="A77B"/><range f="A77D" t="A77E"/><range f="A780" t="A780"/><range f="A782" t="A782"/><range f="A784" t="A784"/><range f="A786" t="A786"/><range f="A78B" t="A78B"/><range f="A78D" t="A78D"/><range f="A790" t="A790"/><range f="A792" t="A792"/><range f="A7A0" t="A7A0"/><range f="A7A2" t="A7A2"/><range f="A7A4" t="A7A4"/><range f="A7A6" t="A7A6"/><range f="A7A8" t="A7A8"/><range f="A7AA" t="A7AA"/><range f="FF21" t="FF3A"/><range f="10400" t="10427"/><range f="1D400" t="1D419"/><range f="1D434" t="1D44D"/><range f="1D468" t="1D481"/><range f="1D49C" t="1D49C"/><range f="1D49E" t="1D49F"/><range f="1D4A2" t="1D4A2"/><range f="1D4A5" t="1D4A6"/><range f="1D4A9" t="1D4AC"/><range f="1D4AE" t="1D4B5"/><range f="1D4D0" t="1D4E9"/><range f="1D504" t="1D505"/><range f="1D507" t="1D50A"/><range f="1D50D" t="1D514"/><range f="1D516" t="1D51C"/><range f="1D538" t="1D539"/><range f="1D53B" t="1D53E"/><range f="1D540" t="1D544"/><range f="1D546" t="1D546"/><range f="1D54A" t="1D550"/><range f="1D56C" t="1D585"/><range f="1D5A0" t="1D5B9"/><range f="1D5D4" t="1D5ED"/><range f="1D608" t="1D621"/><range f="1D63C" t="1D655"/><range f="1D670" t="1D689"/><range f="1D6A8" t="1D6C0"/><range f="1D6E2" t="1D6FA"/><range f="1D71C" t="1D734"/><range f="1D756" t="1D76E"/><range f="1D790" t="1D7A8"/><range f="1D7CA" t="1D7CA"/></cat>
   <cat name="Mc"><range f="903" t="903"/><range f="93B" t="93B"/><range f="93E" t="940"/><range f="949" t="94C"/><range f="94E" t="94F"/><range f="982" t="983"/><range f="9BE" t="9C0"/><range f="9C7" t="9C8"/><range f="9CB" t="9CC"/><range f="9D7" t="9D7"/><range f="A03" t="A03"/><range f="A3E" t="A40"/><range f="A83" t="A83"/><range f="ABE" t="AC0"/><range f="AC9" t="AC9"/><range f="ACB" t="ACC"/><range f="B02" t="B03"/><range f="B3E" t="B3E"/><range f="B40" t="B40"/><range f="B47" t="B48"/><range f="B4B" t="B4C"/><range f="B57" t="B57"/><range f="BBE" t="BBF"/><range f="BC1" t="BC2"/><range f="BC6" t="BC8"/><range f="BCA" t="BCC"/><range f="BD7" t="BD7"/><range f="C01" t="C03"/><range f="C41" t="C44"/><range f="C82" t="C83"/><range f="CBE" t="CBE"/><range f="CC0" t="CC4"/><range f="CC7" t="CC8"/><range f="CCA" t="CCB"/><range f="CD5" t="CD6"/><range f="D02" t="D03"/><range f="D3E" t="D40"/><range f="D46" t="D48"/><range f="D4A" t="D4C"/><range f="D57" t="D57"/><range f="D82" t="D83"/><range f="DCF" t="DD1"/><range f="DD8" t="DDF"/><range f="DF2" t="DF3"/><range f="F3E" t="F3F"/><range f="F7F" t="F7F"/><range f="102B" t="102C"/><range f="1031" t="1031"/><range f="1038" t="1038"/><range f="103B" t="103C"/><range f="1056" t="1057"/><range f="1062" t="1064"/><range f="1067" t="106D"/><range f="1083" t="1084"/><range f="1087" t="108C"/><range f="108F" t="108F"/><range f="109A" t="109C"/><range f="17B6" t="17B6"/><range f="17BE" t="17C5"/><range f="17C7" t="17C8"/><range f="1923" t="1926"/><range f="1929" t="192B"/><range f="1930" t="1931"/><range f="1933" t="1938"/><range f="19B0" t="19C0"/><range f="19C8" t="19C9"/><range f="1A19" t="1A1B"/><range f="1A55" t="1A55"/><range f="1A57" t="1A57"/><range f="1A61" t="1A61"/><range f="1A63" t="1A64"/><range f="1A6D" t="1A72"/><range f="1B04" t="1B04"/><range f="1B35" t="1B35"/><range f="1B3B" t="1B3B"/><range f="1B3D" t="1B41"/><range f="1B43" t="1B44"/><range f="1B82" t="1B82"/><range f="1BA1" t="1BA1"/><range f="1BA6" t="1BA7"/><range f="1BAA" t="1BAA"/><range f="1BAC" t="1BAD"/><range f="1BE7" t="1BE7"/><range f="1BEA" t="1BEC"/><range f="1BEE" t="1BEE"/><range f="1BF2" t="1BF3"/><range f="1C24" t="1C2B"/><range f="1C34" t="1C35"/><range f="1CE1" t="1CE1"/><range f="1CF2" t="1CF3"/><range f="302E" t="302F"/><range f="A823" t="A824"/><range f="A827" t="A827"/><range f="A880" t="A881"/><range f="A8B4" t="A8C3"/><range f="A952" t="A953"/><range f="A983" t="A983"/><range f="A9B4" t="A9B5"/><range f="A9BA" t="A9BB"/><range f="A9BD" t="A9C0"/><range f="AA2F" t="AA30"/><range f="AA33" t="AA34"/><range f="AA4D" t="AA4D"/><range f="AA7B" t="AA7B"/><range f="AAEB" t="AAEB"/><range f="AAEE" t="AAEF"/><range f="AAF5" t="AAF5"/><range f="ABE3" t="ABE4"/><range f="ABE6" t="ABE7"/><range f="ABE9" t="ABEA"/><range f="ABEC" t="ABEC"/><range f="11000" t="11000"/><range f="11002" t="11002"/><range f="11082" t="11082"/><range f="110B0" t="110B2"/><range f="110B7" t="110B8"/><range f="1112C" t="1112C"/><range f="11182" t="11182"/><range f="111B3" t="111B5"/><range f="111BF" t="111C0"/><range f="116AC" t="116AC"/><range f="116AE" t="116AF"/><range f="116B6" t="116B6"/><range f="16F51" t="16F7E"/><range f="1D165" t="1D166"/><range f="1D16D" t="1D172"/></cat>
   <cat name="Me"><range f="488" t="489"/><range f="20DD" t="20E0"/><range f="20E2" t="20E4"/><range f="A670" t="A672"/></cat>
   <cat name="Mn"><range f="300" t="36F"/><range f="483" t="487"/><range f="591" t="5BD"/><range f="5BF" t="5BF"/><range f="5C1" t="5C2"/><range f="5C4" t="5C5"/><range f="5C7" t="5C7"/><range f="610" t="61A"/><range f="64B" t="65F"/><range f="670" t="670"/><range f="6D6" t="6DC"/><range f="6DF" t="6E4"/><range f="6E7" t="6E8"/><range f="6EA" t="6ED"/><range f="711" t="711"/><range f="730" t="74A"/><range f="7A6" t="7B0"/><range f="7EB" t="7F3"/><range f="816" t="819"/><range f="81B" t="823"/><range f="825" t="827"/><range f="829" t="82D"/><range f="859" t="85B"/><range f="8E4" t="8FE"/><range f="900" t="902"/><range f="93A" t="93A"/><range f="93C" t="93C"/><range f="941" t="948"/><range f="94D" t="94D"/><range f="951" t="957"/><range f="962" t="963"/><range f="981" t="981"/><range f="9BC" t="9BC"/><range f="9C1" t="9C4"/><range f="9CD" t="9CD"/><range f="9E2" t="9E3"/><range f="A01" t="A02"/><range f="A3C" t="A3C"/><range f="A41" t="A42"/><range f="A47" t="A48"/><range f="A4B" t="A4D"/><range f="A51" t="A51"/><range f="A70" t="A71"/><range f="A75" t="A75"/><range f="A81" t="A82"/><range f="ABC" t="ABC"/><range f="AC1" t="AC5"/><range f="AC7" t="AC8"/><range f="ACD" t="ACD"/><range f="AE2" t="AE3"/><range f="B01" t="B01"/><range f="B3C" t="B3C"/><range f="B3F" t="B3F"/><range f="B41" t="B44"/><range f="B4D" t="B4D"/><range f="B56" t="B56"/><range f="B62" t="B63"/><range f="B82" t="B82"/><range f="BC0" t="BC0"/><range f="BCD" t="BCD"/><range f="C3E" t="C40"/><range f="C46" t="C48"/><range f="C4A" t="C4D"/><range f="C55" t="C56"/><range f="C62" t="C63"/><range f="CBC" t="CBC"/><range f="CBF" t="CBF"/><range f="CC6" t="CC6"/><range f="CCC" t="CCD"/><range f="CE2" t="CE3"/><range f="D41" t="D44"/><range f="D4D" t="D4D"/><range f="D62" t="D63"/><range f="DCA" t="DCA"/><range f="DD2" t="DD4"/><range f="DD6" t="DD6"/><range f="E31" t="E31"/><range f="E34" t="E3A"/><range f="E47" t="E4E"/><range f="EB1" t="EB1"/><range f="EB4" t="EB9"/><range f="EBB" t="EBC"/><range f="EC8" t="ECD"/><range f="F18" t="F19"/><range f="F35" t="F35"/><range f="F37" t="F37"/><range f="F39" t="F39"/><range f="F71" t="F7E"/><range f="F80" t="F84"/><range f="F86" t="F87"/><range f="F8D" t="F97"/><range f="F99" t="FBC"/><range f="FC6" t="FC6"/><range f="102D" t="1030"/><range f="1032" t="1037"/><range f="1039" t="103A"/><range f="103D" t="103E"/><range f="1058" t="1059"/><range f="105E" t="1060"/><range f="1071" t="1074"/><range f="1082" t="1082"/><range f="1085" t="1086"/><range f="108D" t="108D"/><range f="109D" t="109D"/><range f="135D" t="135F"/><range f="1712" t="1714"/><range f="1732" t="1734"/><range f="1752" t="1753"/><range f="1772" t="1773"/><range f="17B4" t="17B5"/><range f="17B7" t="17BD"/><range f="17C6" t="17C6"/><range f="17C9" t="17D3"/><range f="17DD" t="17DD"/><range f="180B" t="180D"/><range f="18A9" t="18A9"/><range f="1920" t="1922"/><range f="1927" t="1928"/><range f="1932" t="1932"/><range f="1939" t="193B"/><range f="1A17" t="1A18"/><range f="1A56" t="1A56"/><range f="1A58" t="1A5E"/><range f="1A60" t="1A60"/><range f="1A62" t="1A62"/><range f="1A65" t="1A6C"/><range f="1A73" t="1A7C"/><range f="1A7F" t="1A7F"/><range f="1B00" t="1B03"/><range f="1B34" t="1B34"/><range f="1B36" t="1B3A"/><range f="1B3C" t="1B3C"/><range f="1B42" t="1B42"/><range f="1B6B" t="1B73"/><range f="1B80" t="1B81"/><range f="1BA2" t="1BA5"/><range f="1BA8" t="1BA9"/><range f="1BAB" t="1BAB"/><range f="1BE6" t="1BE6"/><range f="1BE8" t="1BE9"/><range f="1BED" t="1BED"/><range f="1BEF" t="1BF1"/><range f="1C2C" t="1C33"/><range f="1C36" t="1C37"/><range f="1CD0" t="1CD2"/><range f="1CD4" t="1CE0"/><range f="1CE2" t="1CE8"/><range f="1CED" t="1CED"/><range f="1CF4" t="1CF4"/><range f="1DC0" t="1DE6"/><range f="1DFC" t="1DFF"/><range f="20D0" t="20DC"/><range f="20E1" t="20E1"/><range f="20E5" t="20F0"/><range f="2CEF" t="2CF1"/><range f="2D7F" t="2D7F"/><range f="2DE0" t="2DFF"/><range f="302A" t="302D"/><range f="3099" t="309A"/><range f="A66F" t="A66F"/><range f="A674" t="A67D"/><range f="A69F" t="A69F"/><range f="A6F0" t="A6F1"/><range f="A802" t="A802"/><range f="A806" t="A806"/><range f="A80B" t="A80B"/><range f="A825" t="A826"/><range f="A8C4" t="A8C4"/><range f="A8E0" t="A8F1"/><range f="A926" t="A92D"/><range f="A947" t="A951"/><range f="A980" t="A982"/><range f="A9B3" t="A9B3"/><range f="A9B6" t="A9B9"/><range f="A9BC" t="A9BC"/><range f="AA29" t="AA2E"/><range f="AA31" t="AA32"/><range f="AA35" t="AA36"/><range f="AA43" t="AA43"/><range f="AA4C" t="AA4C"/><range f="AAB0" t="AAB0"/><range f="AAB2" t="AAB4"/><range f="AAB7" t="AAB8"/><range f="AABE" t="AABF"/><range f="AAC1" t="AAC1"/><range f="AAEC" t="AAED"/><range f="AAF6" t="AAF6"/><range f="ABE5" t="ABE5"/><range f="ABE8" t="ABE8"/><range f="ABED" t="ABED"/><range f="FB1E" t="FB1E"/><range f="FE00" t="FE0F"/><range f="FE20" t="FE26"/><range f="101FD" t="101FD"/><range f="10A01" t="10A03"/><range f="10A05" t="10A06"/><range f="10A0C" t="10A0F"/><range f="10A38" t="10A3A"/><range f="10A3F" t="10A3F"/><range f="11001" t="11001"/><range f="11038" t="11046"/><range f="11080" t="11081"/><range f="110B3" t="110B6"/><range f="110B9" t="110BA"/><range f="11100" t="11102"/><range f="11127" t="1112B"/><range f="1112D" t="11134"/><range f="11180" t="11181"/><range f="111B6" t="111BE"/><range f="116AB" t="116AB"/><range f="116AD" t="116AD"/><range f="116B0" t="116B5"/><range f="116B7" t="116B7"/><range f="16F8F" t="16F92"/><range f="1D167" t="1D169"/><range f="1D17B" t="1D182"/><range f="1D185" t="1D18B"/><range f="1D1AA" t="1D1AD"/><range f="1D242" t="1D244"/><range f="E0100" t="E01EF"/></cat>
   <cat name="Nd"><range f="30" t="39"/><range f="660" t="669"/><range f="6F0" t="6F9"/><range f="7C0" t="7C9"/><range f="966" t="96F"/><range f="9E6" t="9EF"/><range f="A66" t="A6F"/><range f="AE6" t="AEF"/><range f="B66" t="B6F"/><range f="BE6" t="BEF"/><range f="C66" t="C6F"/><range f="CE6" t="CEF"/><range f="D66" t="D6F"/><range f="E50" t="E59"/><range f="ED0" t="ED9"/><range f="F20" t="F29"/><range f="1040" t="1049"/><range f="1090" t="1099"/><range f="17E0" t="17E9"/><range f="1810" t="1819"/><range f="1946" t="194F"/><range f="19D0" t="19D9"/><range f="1A80" t="1A89"/><range f="1A90" t="1A99"/><range f="1B50" t="1B59"/><range f="1BB0" t="1BB9"/><range f="1C40" t="1C49"/><range f="1C50" t="1C59"/><range f="A620" t="A629"/><range f="A8D0" t="A8D9"/><range f="A900" t="A909"/><range f="A9D0" t="A9D9"/><range f="AA50" t="AA59"/><range f="ABF0" t="ABF9"/><range f="FF10" t="FF19"/><range f="104A0" t="104A9"/><range f="11066" t="1106F"/><range f="110F0" t="110F9"/><range f="11136" t="1113F"/><range f="111D0" t="111D9"/><range f="116C0" t="116C9"/><range f="1D7CE" t="1D7FF"/></cat>
   <cat name="Nl"><range f="16EE" t="16F0"/><range f="2160" t="2182"/><range f="2185" t="2188"/><range f="3007" t="3007"/><range f="3021" t="3029"/><range f="3038" t="303A"/><range f="A6E6" t="A6EF"/><range f="10140" t="10174"/><range f="10341" t="10341"/><range f="1034A" t="1034A"/><range f="103D1" t="103D5"/><range f="12400" t="12462"/></cat>
   <cat name="No"><range f="B2" t="B3"/><range f="B9" t="B9"/><range f="BC" t="BE"/><range f="9F4" t="9F9"/><range f="B72" t="B77"/><range f="BF0" t="BF2"/><range f="C78" t="C7E"/><range f="D70" t="D75"/><range f="F2A" t="F33"/><range f="1369" t="137C"/><range f="17F0" t="17F9"/><range f="19DA" t="19DA"/><range f="2070" t="2070"/><range f="2074" t="2079"/><range f="2080" t="2089"/><range f="2150" t="215F"/><range f="2189" t="2189"/><range f="2460" t="249B"/><range f="24EA" t="24FF"/><range f="2776" t="2793"/><range f="2CFD" t="2CFD"/><range f="3192" t="3195"/><range f="3220" t="3229"/><range f="3248" t="324F"/><range f="3251" t="325F"/><range f="3280" t="3289"/><range f="32B1" t="32BF"/><range f="A830" t="A835"/><range f="10107" t="10133"/><range f="10175" t="10178"/><range f="1018A" t="1018A"/><range f="10320" t="10323"/><range f="10858" t="1085F"/><range f="10916" t="1091B"/><range f="10A40" t="10A47"/><range f="10A7D" t="10A7E"/><range f="10B58" t="10B5F"/><range f="10B78" t="10B7F"/><range f="10E60" t="10E7E"/><range f="11052" t="11065"/><range f="1D360" t="1D371"/><range f="1F100" t="1F10A"/></cat>
   <cat name="Pc"><range f="5F" t="5F"/><range f="203F" t="2040"/><range f="2054" t="2054"/><range f="FE33" t="FE34"/><range f="FE4D" t="FE4F"/><range f="FF3F" t="FF3F"/></cat>
   <cat name="Pd"><range f="2D" t="2D"/><range f="58A" t="58A"/><range f="5BE" t="5BE"/><range f="1400" t="1400"/><range f="1806" t="1806"/><range f="2010" t="2015"/><range f="2E17" t="2E17"/><range f="2E1A" t="2E1A"/><range f="2E3A" t="2E3B"/><range f="301C" t="301C"/><range f="3030" t="3030"/><range f="30A0" t="30A0"/><range f="FE31" t="FE32"/><range f="FE58" t="FE58"/><range f="FE63" t="FE63"/><range f="FF0D" t="FF0D"/></cat>
   <cat name="Pe"><range f="29" t="29"/><range f="5D" t="5D"/><range f="7D" t="7D"/><range f="F3B" t="F3B"/><range f="F3D" t="F3D"/><range f="169C" t="169C"/><range f="2046" t="2046"/><range f="207E" t="207E"/><range f="208E" t="208E"/><range f="232A" t="232A"/><range f="2769" t="2769"/><range f="276B" t="276B"/><range f="276D" t="276D"/><range f="276F" t="276F"/><range f="2771" t="2771"/><range f="2773" t="2773"/><range f="2775" t="2775"/><range f="27C6" t="27C6"/><range f="27E7" t="27E7"/><range f="27E9" t="27E9"/><range f="27EB" t="27EB"/><range f="27ED" t="27ED"/><range f="27EF" t="27EF"/><range f="2984" t="2984"/><range f="2986" t="2986"/><range f="2988" t="2988"/><range f="298A" t="298A"/><range f="298C" t="298C"/><range f="298E" t="298E"/><range f="2990" t="2990"/><range f="2992" t="2992"/><range f="2994" t="2994"/><range f="2996" t="2996"/><range f="2998" t="2998"/><range f="29D9" t="29D9"/><range f="29DB" t="29DB"/><range f="29FD" t="29FD"/><range f="2E23" t="2E23"/><range f="2E25" t="2E25"/><range f="2E27" t="2E27"/><range f="2E29" t="2E29"/><range f="3009" t="3009"/><range f="300B" t="300B"/><range f="300D" t="300D"/><range f="300F" t="300F"/><range f="3011" t="3011"/><range f="3015" t="3015"/><range f="3017" t="3017"/><range f="3019" t="3019"/><range f="301B" t="301B"/><range f="301E" t="301F"/><range f="FD3F" t="FD3F"/><range f="FE18" t="FE18"/><range f="FE36" t="FE36"/><range f="FE38" t="FE38"/><range f="FE3A" t="FE3A"/><range f="FE3C" t="FE3C"/><range f="FE3E" t="FE3E"/><range f="FE40" t="FE40"/><range f="FE42" t="FE42"/><range f="FE44" t="FE44"/><range f="FE48" t="FE48"/><range f="FE5A" t="FE5A"/><range f="FE5C" t="FE5C"/><range f="FE5E" t="FE5E"/><range f="FF09" t="FF09"/><range f="FF3D" t="FF3D"/><range f="FF5D" t="FF5D"/><range f="FF60" t="FF60"/><range f="FF63" t="FF63"/></cat>
   <cat name="Pf"><range f="BB" t="BB"/><range f="2019" t="2019"/><range f="201D" t="201D"/><range f="203A" t="203A"/><range f="2E03" t="2E03"/><range f="2E05" t="2E05"/><range f="2E0A" t="2E0A"/><range f="2E0D" t="2E0D"/><range f="2E1D" t="2E1D"/><range f="2E21" t="2E21"/></cat>
   <cat name="Pi"><range f="AB" t="AB"/><range f="2018" t="2018"/><range f="201B" t="201C"/><range f="201F" t="201F"/><range f="2039" t="2039"/><range f="2E02" t="2E02"/><range f="2E04" t="2E04"/><range f="2E09" t="2E09"/><range f="2E0C" t="2E0C"/><range f="2E1C" t="2E1C"/><range f="2E20" t="2E20"/></cat>
   <cat name="Po"><range f="21" t="23"/><range f="25" t="27"/><range f="2A" t="2A"/><range f="2C" t="2C"/><range f="2E" t="2F"/><range f="3A" t="3B"/><range f="3F" t="40"/><range f="5C" t="5C"/><range f="A1" t="A1"/><range f="A7" t="A7"/><range f="B6" t="B7"/><range f="BF" t="BF"/><range f="37E" t="37E"/><range f="387" t="387"/><range f="55A" t="55F"/><range f="589" t="589"/><range f="5C0" t="5C0"/><range f="5C3" t="5C3"/><range f="5C6" t="5C6"/><range f="5F3" t="5F4"/><range f="609" t="60A"/><range f="60C" t="60D"/><range f="61B" t="61B"/><range f="61E" t="61F"/><range f="66A" t="66D"/><range f="6D4" t="6D4"/><range f="700" t="70D"/><range f="7F7" t="7F9"/><range f="830" t="83E"/><range f="85E" t="85E"/><range f="964" t="965"/><range f="970" t="970"/><range f="AF0" t="AF0"/><range f="DF4" t="DF4"/><range f="E4F" t="E4F"/><range f="E5A" t="E5B"/><range f="F04" t="F12"/><range f="F14" t="F14"/><range f="F85" t="F85"/><range f="FD0" t="FD4"/><range f="FD9" t="FDA"/><range f="104A" t="104F"/><range f="10FB" t="10FB"/><range f="1360" t="1368"/><range f="166D" t="166E"/><range f="16EB" t="16ED"/><range f="1735" t="1736"/><range f="17D4" t="17D6"/><range f="17D8" t="17DA"/><range f="1800" t="1805"/><range f="1807" t="180A"/><range f="1944" t="1945"/><range f="1A1E" t="1A1F"/><range f="1AA0" t="1AA6"/><range f="1AA8" t="1AAD"/><range f="1B5A" t="1B60"/><range f="1BFC" t="1BFF"/><range f="1C3B" t="1C3F"/><range f="1C7E" t="1C7F"/><range f="1CC0" t="1CC7"/><range f="1CD3" t="1CD3"/><range f="2016" t="2017"/><range f="2020" t="2027"/><range f="2030" t="2038"/><range f="203B" t="203E"/><range f="2041" t="2043"/><range f="2047" t="2051"/><range f="2053" t="2053"/><range f="2055" t="205E"/><range f="2CF9" t="2CFC"/><range f="2CFE" t="2CFF"/><range f="2D70" t="2D70"/><range f="2E00" t="2E01"/><range f="2E06" t="2E08"/><range f="2E0B" t="2E0B"/><range f="2E0E" t="2E16"/><range f="2E18" t="2E19"/><range f="2E1B" t="2E1B"/><range f="2E1E" t="2E1F"/><range f="2E2A" t="2E2E"/><range f="2E30" t="2E39"/><range f="3001" t="3003"/><range f="303D" t="303D"/><range f="30FB" t="30FB"/><range f="A4FE" t="A4FF"/><range f="A60D" t="A60F"/><range f="A673" t="A673"/><range f="A67E" t="A67E"/><range f="A6F2" t="A6F7"/><range f="A874" t="A877"/><range f="A8CE" t="A8CF"/><range f="A8F8" t="A8FA"/><range f="A92E" t="A92F"/><range f="A95F" t="A95F"/><range f="A9C1" t="A9CD"/><range f="A9DE" t="A9DF"/><range f="AA5C" t="AA5F"/><range f="AADE" t="AADF"/><range f="AAF0" t="AAF1"/><range f="ABEB" t="ABEB"/><range f="FE10" t="FE16"/><range f="FE19" t="FE19"/><range f="FE30" t="FE30"/><range f="FE45" t="FE46"/><range f="FE49" t="FE4C"/><range f="FE50" t="FE52"/><range f="FE54" t="FE57"/><range f="FE5F" t="FE61"/><range f="FE68" t="FE68"/><range f="FE6A" t="FE6B"/><range f="FF01" t="FF03"/><range f="FF05" t="FF07"/><range f="FF0A" t="FF0A"/><range f="FF0C" t="FF0C"/><range f="FF0E" t="FF0F"/><range f="FF1A" t="FF1B"/><range f="FF1F" t="FF20"/><range f="FF3C" t="FF3C"/><range f="FF61" t="FF61"/><range f="FF64" t="FF65"/><range f="10100" t="10102"/><range f="1039F" t="1039F"/><range f="103D0" t="103D0"/><range f="10857" t="10857"/><range f="1091F" t="1091F"/><range f="1093F" t="1093F"/><range f="10A50" t="10A58"/><range f="10A7F" t="10A7F"/><range f="10B39" t="10B3F"/><range f="11047" t="1104D"/><range f="110BB" t="110BC"/><range f="110BE" t="110C1"/><range f="11140" t="11143"/><range f="111C5" t="111C8"/><range f="12470" t="12473"/></cat>
   <cat name="Ps"><range f="28" t="28"/><range f="5B" t="5B"/><range f="7B" t="7B"/><range f="F3A" t="F3A"/><range f="F3C" t="F3C"/><range f="169B" t="169B"/><range f="201A" t="201A"/><range f="201E" t="201E"/><range f="2045" t="2045"/><range f="207D" t="207D"/><range f="208D" t="208D"/><range f="2329" t="2329"/><range f="2768" t="2768"/><range f="276A" t="276A"/><range f="276C" t="276C"/><range f="276E" t="276E"/><range f="2770" t="2770"/><range f="2772" t="2772"/><range f="2774" t="2774"/><range f="27C5" t="27C5"/><range f="27E6" t="27E6"/><range f="27E8" t="27E8"/><range f="27EA" t="27EA"/><range f="27EC" t="27EC"/><range f="27EE" t="27EE"/><range f="2983" t="2983"/><range f="2985" t="2985"/><range f="2987" t="2987"/><range f="2989" t="2989"/><range f="298B" t="298B"/><range f="298D" t="298D"/><range f="298F" t="298F"/><range f="2991" t="2991"/><range f="2993" t="2993"/><range f="2995" t="2995"/><range f="2997" t="2997"/><range f="29D8" t="29D8"/><range f="29DA" t="29DA"/><range f="29FC" t="29FC"/><range f="2E22" t="2E22"/><range f="2E24" t="2E24"/><range f="2E26" t="2E26"/><range f="2E28" t="2E28"/><range f="3008" t="3008"/><range f="300A" t="300A"/><range f="300C" t="300C"/><range f="300E" t="300E"/><range f="3010" t="3010"/><range f="3014" t="3014"/><range f="3016" t="3016"/><range f="3018" t="3018"/><range f="301A" t="301A"/><range f="301D" t="301D"/><range f="FD3E" t="FD3E"/><range f="FE17" t="FE17"/><range f="FE35" t="FE35"/><range f="FE37" t="FE37"/><range f="FE39" t="FE39"/><range f="FE3B" t="FE3B"/><range f="FE3D" t="FE3D"/><range f="FE3F" t="FE3F"/><range f="FE41" t="FE41"/><range f="FE43" t="FE43"/><range f="FE47" t="FE47"/><range f="FE59" t="FE59"/><range f="FE5B" t="FE5B"/><range f="FE5D" t="FE5D"/><range f="FF08" t="FF08"/><range f="FF3B" t="FF3B"/><range f="FF5B" t="FF5B"/><range f="FF5F" t="FF5F"/><range f="FF62" t="FF62"/></cat>
   <cat name="Sc"><range f="24" t="24"/><range f="A2" t="A5"/><range f="58F" t="58F"/><range f="60B" t="60B"/><range f="9F2" t="9F3"/><range f="9FB" t="9FB"/><range f="AF1" t="AF1"/><range f="BF9" t="BF9"/><range f="E3F" t="E3F"/><range f="17DB" t="17DB"/><range f="20A0" t="20BA"/><range f="A838" t="A838"/><range f="FDFC" t="FDFC"/><range f="FE69" t="FE69"/><range f="FF04" t="FF04"/><range f="FFE0" t="FFE1"/><range f="FFE5" t="FFE6"/></cat>
   <cat name="Sk"><range f="5E" t="5E"/><range f="60" t="60"/><range f="A8" t="A8"/><range f="AF" t="AF"/><range f="B4" t="B4"/><range f="B8" t="B8"/><range f="2C2" t="2C5"/><range f="2D2" t="2DF"/><range f="2E5" t="2EB"/><range f="2ED" t="2ED"/><range f="2EF" t="2FF"/><range f="375" t="375"/><range f="384" t="385"/><range f="1FBD" t="1FBD"/><range f="1FBF" t="1FC1"/><range f="1FCD" t="1FCF"/><range f="1FDD" t="1FDF"/><range f="1FED" t="1FEF"/><range f="1FFD" t="1FFE"/><range f="309B" t="309C"/><range f="A700" t="A716"/><range f="A720" t="A721"/><range f="A789" t="A78A"/><range f="FBB2" t="FBC1"/><range f="FF3E" t="FF3E"/><range f="FF40" t="FF40"/><range f="FFE3" t="FFE3"/></cat>
   <cat name="Sm"><range f="2B" t="2B"/><range f="3C" t="3E"/><range f="7C" t="7C"/><range f="7E" t="7E"/><range f="AC" t="AC"/><range f="B1" t="B1"/><range f="D7" t="D7"/><range f="F7" t="F7"/><range f="3F6" t="3F6"/><range f="606" t="608"/><range f="2044" t="2044"/><range f="2052" t="2052"/><range f="207A" t="207C"/><range f="208A" t="208C"/><range f="2118" t="2118"/><range f="2140" t="2144"/><range f="214B" t="214B"/><range f="2190" t="2194"/><range f="219A" t="219B"/><range f="21A0" t="21A0"/><range f="21A3" t="21A3"/><range f="21A6" t="21A6"/><range f="21AE" t="21AE"/><range f="21CE" t="21CF"/><range f="21D2" t="21D2"/><range f="21D4" t="21D4"/><range f="21F4" t="22FF"/><range f="2308" t="230B"/><range f="2320" t="2321"/><range f="237C" t="237C"/><range f="239B" t="23B3"/><range f="23DC" t="23E1"/><range f="25B7" t="25B7"/><range f="25C1" t="25C1"/><range f="25F8" t="25FF"/><range f="266F" t="266F"/><range f="27C0" t="27C4"/><range f="27C7" t="27E5"/><range f="27F0" t="27FF"/><range f="2900" t="2982"/><range f="2999" t="29D7"/><range f="29DC" t="29FB"/><range f="29FE" t="2AFF"/><range f="2B30" t="2B44"/><range f="2B47" t="2B4C"/><range f="FB29" t="FB29"/><range f="FE62" t="FE62"/><range f="FE64" t="FE66"/><range f="FF0B" t="FF0B"/><range f="FF1C" t="FF1E"/><range f="FF5C" t="FF5C"/><range f="FF5E" t="FF5E"/><range f="FFE2" t="FFE2"/><range f="FFE9" t="FFEC"/><range f="1D6C1" t="1D6C1"/><range f="1D6DB" t="1D6DB"/><range f="1D6FB" t="1D6FB"/><range f="1D715" t="1D715"/><range f="1D735" t="1D735"/><range f="1D74F" t="1D74F"/><range f="1D76F" t="1D76F"/><range f="1D789" t="1D789"/><range f="1D7A9" t="1D7A9"/><range f="1D7C3" t="1D7C3"/><range f="1EEF0" t="1EEF1"/></cat>
   <cat name="So"><range f="A6" t="A6"/><range f="A9" t="A9"/><range f="AE" t="AE"/><range f="B0" t="B0"/><range f="482" t="482"/><range f="60E" t="60F"/><range f="6DE" t="6DE"/><range f="6E9" t="6E9"/><range f="6FD" t="6FE"/><range f="7F6" t="7F6"/><range f="9FA" t="9FA"/><range f="B70" t="B70"/><range f="BF3" t="BF8"/><range f="BFA" t="BFA"/><range f="C7F" t="C7F"/><range f="D79" t="D79"/><range f="F01" t="F03"/><range f="F13" t="F13"/><range f="F15" t="F17"/><range f="F1A" t="F1F"/><range f="F34" t="F34"/><range f="F36" t="F36"/><range f="F38" t="F38"/><range f="FBE" t="FC5"/><range f="FC7" t="FCC"/><range f="FCE" t="FCF"/><range f="FD5" t="FD8"/><range f="109E" t="109F"/><range f="1390" t="1399"/><range f="1940" t="1940"/><range f="19DE" t="19FF"/><range f="1B61" t="1B6A"/><range f="1B74" t="1B7C"/><range f="2100" t="2101"/><range f="2103" t="2106"/><range f="2108" t="2109"/><range f="2114" t="2114"/><range f="2116" t="2117"/><range f="211E" t="2123"/><range f="2125" t="2125"/><range f="2127" t="2127"/><range f="2129" t="2129"/><range f="212E" t="212E"/><range f="213A" t="213B"/><range f="214A" t="214A"/><range f="214C" t="214D"/><range f="214F" t="214F"/><range f="2195" t="2199"/><range f="219C" t="219F"/><range f="21A1" t="21A2"/><range f="21A4" t="21A5"/><range f="21A7" t="21AD"/><range f="21AF" t="21CD"/><range f="21D0" t="21D1"/><range f="21D3" t="21D3"/><range f="21D5" t="21F3"/><range f="2300" t="2307"/><range f="230C" t="231F"/><range f="2322" t="2328"/><range f="232B" t="237B"/><range f="237D" t="239A"/><range f="23B4" t="23DB"/><range f="23E2" t="23F3"/><range f="2400" t="2426"/><range f="2440" t="244A"/><range f="249C" t="24E9"/><range f="2500" t="25B6"/><range f="25B8" t="25C0"/><range f="25C2" t="25F7"/><range f="2600" t="266E"/><range f="2670" t="26FF"/><range f="2701" t="2767"/><range f="2794" t="27BF"/><range f="2800" t="28FF"/><range f="2B00" t="2B2F"/><range f="2B45" t="2B46"/><range f="2B50" t="2B59"/><range f="2CE5" t="2CEA"/><range f="2E80" t="2E99"/><range f="2E9B" t="2EF3"/><range f="2F00" t="2FD5"/><range f="2FF0" t="2FFB"/><range f="3004" t="3004"/><range f="3012" t="3013"/><range f="3020" t="3020"/><range f="3036" t="3037"/><range f="303E" t="303F"/><range f="3190" t="3191"/><range f="3196" t="319F"/><range f="31C0" t="31E3"/><range f="3200" t="321E"/><range f="322A" t="3247"/><range f="3250" t="3250"/><range f="3260" t="327F"/><range f="328A" t="32B0"/><range f="32C0" t="32FE"/><range f="3300" t="33FF"/><range f="4DC0" t="4DFF"/><range f="A490" t="A4C6"/><range f="A828" t="A82B"/><range f="A836" t="A837"/><range f="A839" t="A839"/><range f="AA77" t="AA79"/><range f="FDFD" t="FDFD"/><range f="FFE4" t="FFE4"/><range f="FFE8" t="FFE8"/><range f="FFED" t="FFEE"/><range f="FFFC" t="FFFD"/><range f="10137" t="1013F"/><range f="10179" t="10189"/><range f="10190" t="1019B"/><range f="101D0" t="101FC"/><range f="1D000" t="1D0F5"/><range f="1D100" t="1D126"/><range f="1D129" t="1D164"/><range f="1D16A" t="1D16C"/><range f="1D183" t="1D184"/><range f="1D18C" t="1D1A9"/><range f="1D1AE" t="1D1DD"/><range f="1D200" t="1D241"/><range f="1D245" t="1D245"/><range f="1D300" t="1D356"/><range f="1F000" t="1F02B"/><range f="1F030" t="1F093"/><range f="1F0A0" t="1F0AE"/><range f="1F0B1" t="1F0BE"/><range f="1F0C1" t="1F0CF"/><range f="1F0D1" t="1F0DF"/><range f="1F110" t="1F12E"/><range f="1F130" t="1F16B"/><range f="1F170" t="1F19A"/><range f="1F1E6" t="1F202"/><range f="1F210" t="1F23A"/><range f="1F240" t="1F248"/><range f="1F250" t="1F251"/><range f="1F300" t="1F320"/><range f="1F330" t="1F335"/><range f="1F337" t="1F37C"/><range f="1F380" t="1F393"/><range f="1F3A0" t="1F3C4"/><range f="1F3C6" t="1F3CA"/><range f="1F3E0" t="1F3F0"/><range f="1F400" t="1F43E"/><range f="1F440" t="1F440"/><range f="1F442" t="1F4F7"/><range f="1F4F9" t="1F4FC"/><range f="1F500" t="1F53D"/><range f="1F540" t="1F543"/><range f="1F550" t="1F567"/><range f="1F5FB" t="1F640"/><range f="1F645" t="1F64F"/><range f="1F680" t="1F6C5"/><range f="1F700" t="1F773"/></cat>
   <cat name="Zl"><range f="2028" t="2028"/></cat>
   <cat name="Zp"><range f="2029" t="2029"/></cat>
   <cat name="Zs"><range f="20" t="20"/><range f="A0" t="A0"/><range f="1680" t="1680"/><range f="180E" t="180E"/><range f="2000" t="200A"/><range f="202F" t="202F"/><range f="205F" t="205F"/><range f="3000" t="3000"/></cat>
</categories>
