<?xml version="1.0" encoding="iso-8859-1"?>
<?xml-stylesheet href="../../make-menu.xsl" type="text/xsl"?><html>
   <head>
      <this-is section="changes" page="s90" subpage="localization90"/>
      <!--
           Generated at 2011-12-09T20:47:22.916Z--><title>Saxonica: XSLT and XQuery Processing: Localization</title>
      <meta name="coverage" content="Worldwide"/>
      <meta name="copyright" content="Copyright Saxonica Ltd"/>
      <meta name="title" content="Saxonica: XSLT and XQuery Processing: Localization"/>
      <meta name="robots" content="noindex,nofollow"/>
      <link rel="stylesheet" href="../../saxondocs.css" type="text/css"/>
   </head>
   <body class="main">
      <h1>Localization</h1>
      <p>Number and date formatting has been added for Danish (da), Dutch (nl), Swedish (sv), Italian (it),  
Belgian French (fr-BE), and Flemish (nl-BE). Thanks to Karel Goossens of BTR Services, Belgium, for
supplying these.</p>
      <p>The class hierarchy has been changed so that non-English numberers no longer inherit from <code>Numberer_en</code>,
but from a new <code>AbstractNumberer</code> class; the functionality that is intended to be generic across languages
(but overridable) has been separated from the functionality that is specific to English.</p>
      <table width="100%">
         <tr>
            <td>
               <p align="right"><a class="nav" href="optimization90.xml">Next</a></p>
            </td>
         </tr>
      </table>
   </body>
</html>