<?xml version="1.0" encoding="iso-8859-1"?>
<?xml-stylesheet href="../../make-menu.xsl" type="text/xsl"?><html>
   <head>
      <this-is section="extensions" page="functions" subpage="hexbinarytooctets"/>
      <!--
           Generated at 2011-12-09T20:47:22.916Z--><title>Saxonica: XSLT and XQuery Processing: saxon:hexBinary-to-octets()</title>
      <meta name="coverage" content="Worldwide"/>
      <meta name="copyright" content="Copyright Saxonica Ltd"/>
      <meta name="title"
            content="Saxonica: XSLT and XQuery Processing: saxon:hexBinary-to-octets()"/>
      <meta name="robots" content="noindex,nofollow"/>
      <link rel="stylesheet" href="../../saxondocs.css" type="text/css"/>
   </head>
   <body class="main">
      <h1>saxon:hexBinary-to-octets()</h1>
      <p><b>saxon:hexBinary-to-octets($input as xs:hexBinary) ==&gt; xs:integer*</b></p>
      <p>This function takes an <code>xs:hexBinary</code> value as input, and returns
a sequence of integers representing this sequence of octets. The integers will be in the range 0-255.
</p>
      <table width="100%">
         <tr>
            <td>
               <p align="right"><a class="nav" href="hexbinarytostring.xml">Next</a></p>
            </td>
         </tr>
      </table>
   </body>
</html>