<?xml version="1.0" encoding="iso-8859-1"?>
<?xml-stylesheet href="../../make-menu.xsl" type="text/xsl"?><html>
   <head>
      <this-is section="extensions" page="functions" subpage="octetstobase64binary"/>
      <!--
           Generated at 2011-12-09T20:47:22.916Z--><title>Saxonica: XSLT and XQuery Processing: saxon:octets-to-base64Binary()</title>
      <meta name="coverage" content="Worldwide"/>
      <meta name="copyright" content="Copyright Saxonica Ltd"/>
      <meta name="title"
            content="Saxonica: XSLT and XQuery Processing: saxon:octets-to-base64Binary()"/>
      <meta name="robots" content="noindex,nofollow"/>
      <link rel="stylesheet" href="../../saxondocs.css" type="text/css"/>
   </head>
   <body class="main">
      <h1>saxon:octets-to-base64Binary()</h1>
      <p><b>saxon:octets-to-base64Binary($octets as xs:integer*) ==&gt; xs:base64Binary</b></p>
      <p>This function takes a sequence of integers as input, and treats them as octets. 
The integers must therefore all be in the range 0-255. The result of the function is the
<code>xs:base64Binary</code> value representing this sequence of octets.
</p>
      <table width="100%">
         <tr>
            <td>
               <p align="right"><a class="nav" href="octetstohexbinary.xml">Next</a></p>
            </td>
         </tr>
      </table>
   </body>
</html>