<?xml version="1.0" encoding="iso-8859-1"?>
<?xml-stylesheet href="../../make-menu.xsl" type="text/xsl"?><html>
   <head>
      <this-is section="extensions" page="functions" subpage="stringtoutf8"/>
      <!--
           Generated at 2011-12-09T20:47:22.916Z--><title>Saxonica: XSLT and XQuery Processing: saxon:string-to-utf8()</title>
      <meta name="coverage" content="Worldwide"/>
      <meta name="copyright" content="Copyright Saxonica Ltd"/>
      <meta name="title"
            content="Saxonica: XSLT and XQuery Processing: saxon:string-to-utf8()"/>
      <meta name="robots" content="noindex,nofollow"/>
      <link rel="stylesheet" href="../../saxondocs.css" type="text/css"/>
   </head>
   <body class="main">
      <h1>saxon:string-to-utf8()</h1>
      <p><b>saxon:string-to-utf8($in as xs:string) ==&gt; xs:integer*</b></p>
      <p>This function takes a string as input, and returns a sequence of integers representing the octets in the UTF8 encoding
of the string. The integers are all in the range 0-255.
</p>
      <table width="100%">
         <tr>
            <td>
               <p align="right"><a class="nav" href="systemid.xml">Next</a></p>
            </td>
         </tr>
      </table>
   </body>
</html>