<?xml version="1.0" encoding="iso-8859-1"?>
<?xml-stylesheet href="../../make-menu.xsl" type="text/xsl"?><html>
   <head>
      <this-is section="extensions" page="functions" subpage="unparsedentities"/>
      <!--
           Generated at 2011-12-09T20:47:22.916Z--><title>Saxonica: XSLT and XQuery Processing: saxon:unparsed-entities()</title>
      <meta name="coverage" content="Worldwide"/>
      <meta name="copyright" content="Copyright Saxonica Ltd"/>
      <meta name="title"
            content="Saxonica: XSLT and XQuery Processing: saxon:unparsed-entities()"/>
      <meta name="robots" content="noindex,nofollow"/>
      <link rel="stylesheet" href="../../saxondocs.css" type="text/css"/>
   </head>
   <body class="main">
      <h1>saxon:unparsed-entities()</h1>
      <p><b>saxon:unparsed-entities($doc as document-node()) ==&gt; xs:string*</b></p>
      <p>This function returns a list of the names of the unparsed entities declared with the document node supplied
as $doc. These names can then be used as arguments to the standard XSLT functions <code>unparsed-entity-uri()</code>
and <code>unparsed-entity-public-id()</code> to determine the system and public identifiers of the unparsed
entity.</p>
      <table width="100%">
         <tr>
            <td>
               <p align="right"><a class="nav" href="../map.xml">Next</a></p>
            </td>
         </tr>
      </table>
   </body>
</html>