<?xml version="1.0" encoding="iso-8859-1"?>
<?xml-stylesheet href="../../make-menu.xsl" type="text/xsl"?><html>
   <head>
      <this-is section="changes" page="intro93" subpage="highlights-93"/>
      <!--
           Generated at 2011-12-09T20:47:22.916Z--><title>Saxonica: XSLT and XQuery Processing: Highlights</title>
      <meta name="coverage" content="Worldwide"/>
      <meta name="copyright" content="Copyright Saxonica Ltd"/>
      <meta name="title" content="Saxonica: XSLT and XQuery Processing: Highlights"/>
      <meta name="robots" content="noindex,nofollow"/>
      <link rel="stylesheet" href="../../saxondocs.css" type="text/css"/>
   </head>
   <body class="main">
      <h1>Highlights</h1>
      <p>Some of the most significant features of Saxon 9.3 are:</p>
      <ul>
         <li>
            <p>An installation wizard is provided on .NET</p>
         </li>
         <li>
            <p>Support for XML Schema 1.1 is almost complete.</p>
         </li>
         <li>
            <p>Support for streamed processing of XSLT is greatly extended, making
            transformation of very large documents much more feasible.</p>
         </li>
         <li>
            <p>For the first time, Saxon has support for parallel processing
            of XSLT to take advantage of multi-core CPUs.</p>
         </li>
         <li>
            <p>Many features from the draft 3.0 specifications are implemented.</p>
         </li>
         <li>
            <p>The range of data-types available is extended by the provision of immutable maps.</p>
         </li>
      </ul>
      <table width="100%">
         <tr>
            <td>
               <p align="right"><a class="nav" href="dot-net-install-93.xml">Next</a></p>
            </td>
         </tr>
      </table>
   </body>
</html>