<?xml version="1.0" encoding="iso-8859-1"?>
<?xml-stylesheet href="../../make-menu.xsl" type="text/xsl"?><html>
   <head>
      <this-is section="changes" page="intro93" subpage="sql-93"/>
      <!--
           Generated at 2011-12-09T20:47:22.916Z--><title>Saxonica: XSLT and XQuery Processing: The SQL Extension</title>
      <meta name="coverage" content="Worldwide"/>
      <meta name="copyright" content="Copyright Saxonica Ltd"/>
      <meta name="title" content="Saxonica: XSLT and XQuery Processing: The SQL Extension"/>
      <meta name="robots" content="noindex,nofollow"/>
      <link rel="stylesheet" href="../../saxondocs.css" type="text/css"/>
   </head>
   <body class="main">
      <h1>The SQL Extension</h1>
      <p>The <code>sql:connect</code> instruction now supports an attribute <code>auto-commit="{yes|no}"</code>
to control this property of the JDBC connection.</p>
      <p>A new instruction <code>sql:execute</code> is available to execute an arbitrary SQL statement (returning
no result). It takes two attributes, <code>connection</code> and <code>statement</code>. For details see
         <a class="bodylink" href="../../sql-extension/execute.xml">sql:execute</a></p>
      <table width="100%">
         <tr>
            <td>
               <p align="right"><a class="nav" href="misc-93.xml">Next</a></p>
            </td>
         </tr>
      </table>
   </body>
</html>