<?xml version="1.0" encoding="iso-8859-1"?>
<?xml-stylesheet href="../../make-menu.xsl" type="text/xsl"?><html>
   <head>
      <this-is section="functions" page="intro" subpage="codepoints-to-string"/>
      <!--
           Generated at 2011-12-09T20:47:22.916Z--><title>Saxonica: XSLT and XQuery Processing: codepoints-to-string</title>
      <meta name="coverage" content="Worldwide"/>
      <meta name="copyright" content="Copyright Saxonica Ltd"/>
      <meta name="title"
            content="Saxonica: XSLT and XQuery Processing: codepoints-to-string"/>
      <meta name="robots" content="noindex,nofollow"/>
      <link rel="stylesheet" href="../../saxondocs.css" type="text/css"/>
   </head>
   <body class="main">
      <h1>codepoints-to-string</h1>
      <p>Converts a sequence of integers representing Unicode characters to the corresponding string.
	</p>
      <p class="subhead">codepoints-to-string($arg as xs:integer*) &#8594; xs:string</p>
      <table>
         <tr>
            <td width="470" align="left" colspan="4" style="border-top:solid 1px #3D5B96; ">
               <p>
                     <i>Arguments</i>
                  </p>
            </td>
         </tr>
         <tr>
            <td width="40">
               <p>�</p>
            </td>
            <td width="80" valign="top">
               <p>$arg</p>
            </td>
            <td valign="top" width="150">
               <p>xs:integer*</p>
            </td>
            <td valign="top" width="200">
               <p>A sequence of Unicode codepoint values</p>
            </td>
         </tr>
         <tr>
            <td colspan="2"
                style="border-top:solid 1px #3D5B96; border-bottom:solid 1px #3D5B96;">
               <p>
                     <i>Result</i>
                  </p>
            </td>
            <td style="border-top:solid 1px #3D5B96; border-bottom:solid 1px #3D5B96;"
                colspan="2">
               <p>xs:string</p>
            </td>
         </tr>
      </table>
      <p class="subhead">Links to W3C specifications</p>
      <p>Namespace: http://www.w3.org/2005/xpath-functions</p>
      <p>Applies to: XPath 2.0, XSLT 2.0, XQuery 1.0 and later versions</p>
      <p>
            <a href="http://www.w3.org/TR/xpath-functions/#func-codepoints-to-string"
            class="bodylink">XPath 2.0 Functions and Operators</a>
         </p>
      <p>
            <a href="http://www.w3.org/TR/xpath-functions-30/#func-codepoints-to-string"
            class="bodylink">XPath 3.0 Functions and Operators</a>
         </p>
      <p class="subhead">Notes on the Saxon implementation</p>
      <p>The function throws an error if any of the integers doesn't represent a valid XML character. With Saxon, the set of valid XML
	characters depends on whether XML 1.0 or 1.1 is the chosen version in the <code>Configuration</code>.</p>
      <table width="100%">
         <tr>
            <td>
               <p align="right"><a class="nav" href="collection.xml">Next</a></p>
            </td>
         </tr>
      </table>
   </body>
</html>