<?xml version="1.0" encoding="iso-8859-1"?>
<?xml-stylesheet href="../../make-menu.xsl" type="text/xsl"?><html>
   <head>
      <this-is section="functions" page="intro" subpage="current-group"/>
      <!--
           Generated at 2011-12-09T20:47:22.916Z--><title>Saxonica: XSLT and XQuery Processing: current-group</title>
      <meta name="coverage" content="Worldwide"/>
      <meta name="copyright" content="Copyright Saxonica Ltd"/>
      <meta name="title" content="Saxonica: XSLT and XQuery Processing: current-group"/>
      <meta name="robots" content="noindex,nofollow"/>
      <link rel="stylesheet" href="../../saxondocs.css" type="text/css"/>
   </head>
   <body class="main">
      <h1>current-group</h1>
      <p>Returns the contents of the current group selected 
    by <code>xsl:for-each-group</code>
         </p>
      <p class="subhead">current-group() &#8594; item()</p>
      <table>
         <tr>
            <td width="470" align="left" colspan="4" style="border-top:solid 1px #3D5B96; ">
               <p>
                     <i>There are no arguments</i>
                  </p>
            </td>
         </tr>
         <tr>
            <td colspan="2"
                style="border-top:solid 1px #3D5B96; border-bottom:solid 1px #3D5B96;">
               <p>
                     <i>Result</i>
                  </p>
            </td>
            <td style="border-top:solid 1px #3D5B96; border-bottom:solid 1px #3D5B96;"
                colspan="2">
               <p>item()</p>
            </td>
         </tr>
      </table>
      <p class="subhead">Links to W3C specifications</p>
      <p>Namespace: http://www.w3.org/2005/xpath-functions</p>
      <p>Applies to: XSLT 2.0 and later versions</p>
      <p>
            <a href="http://www.w3.org/TR/xslt20/#function-current-group" class="bodylink">XSLT 2.0 Specification</a>
         </p>
      <p>
            <a href="http://www.w3.org/TR/xslt-21/#function-current-group" class="bodylink">XSLT 2.1 Specification</a>
         </p>
      <p class="subhead">Notes on the Saxon implementation</p>
      <p>Saxon 9.3 and earlier releases implement the XSLT 2.0 definition of this function.
      The additional behaviour associated with the <code>xsl:merge</code> instruction is implemented in Saxon 9.4.</p>
      <table width="100%">
         <tr>
            <td>
               <p align="right"><a class="nav" href="current-grouping-key.xml">Next</a></p>
            </td>
         </tr>
      </table>
   </body>
</html>