<?xml version="1.0" encoding="iso-8859-1"?>
<?xml-stylesheet href="../../make-menu.xsl" type="text/xsl"?><html>
   <head>
      <this-is section="functions" page="intro" subpage="function-lookup"/>
      <!--
           Generated at 2011-12-09T20:47:22.916Z--><title>Saxonica: XSLT and XQuery Processing: function-lookup</title>
      <meta name="coverage" content="Worldwide"/>
      <meta name="copyright" content="Copyright Saxonica Ltd"/>
      <meta name="title" content="Saxonica: XSLT and XQuery Processing: function-lookup"/>
      <meta name="robots" content="noindex,nofollow"/>
      <link rel="stylesheet" href="../../saxondocs.css" type="text/css"/>
   </head>
   <body class="main">
      <h1>function-lookup</h1>
      <p class="subhead">function-lookup($function as xs:string, $arity as xs:integer) &#8594; xs:boolean</p>
      <p>Determines whether a function with a given name and arity
               is available in the context, and if so, returns a function item that can be used to call the function.</p>
      <p>The function is useful to allow fallback action when a function is not available: for example,
               when calling an XPath 3.0 function, the code can be conditional on whether the 3.0 function is or is not
               available.</p>
      <table>
         <tr>
            <td width="470" align="left" colspan="4" style="border-top:solid 1px #3D5B96; ">
               <p>
                     <i>Arguments</i>
                  </p>
            </td>
         </tr>
         <tr>
            <td width="40">
               <p>�</p>
            </td>
            <td width="80" valign="top">
               <p>$function</p>
            </td>
            <td valign="top" width="150">
               <p>xs:string</p>
            </td>
            <td valign="top" width="200">
               <p>The name of the requested function, as an xs:QName value</p>
            </td>
         </tr>
         <tr>
            <td width="40">
               <p>�</p>
            </td>
            <td width="80" valign="top">
               <p>$arity</p>
            </td>
            <td valign="top" width="150">
               <p>xs:integer</p>
            </td>
            <td valign="top" width="200">
               <p>The arity of the requested function (number of arguments)</p>
            </td>
         </tr>
         <tr>
            <td colspan="2"
                style="border-top:solid 1px #3D5B96; border-bottom:solid 1px #3D5B96;">
               <p>
                     <i>Result</i>
                  </p>
            </td>
            <td style="border-top:solid 1px #3D5B96; border-bottom:solid 1px #3D5B96;"
                colspan="2">
               <p>xs:boolean</p>
            </td>
         </tr>
      </table>
      <p class="subhead">Links to W3C specifications</p>
      <p>Namespace: http://www.w3.org/2005/xpath-functions</p>
      <p>Applies to: XPath 3.0, XSLT 3.0, XQuery 3.0 (if enabled in Saxon: requires Saxon-PE or Saxon-EE)</p>
      <p>
            <a href="http://www.w3.org/TR/xpath-functions-30/#func-function-lookup"
            class="bodylink">XPath 3.0 Functions and Operators</a>
         </p>
      <p class="subhead">Notes on the Saxon implementation</p>
      <p>The function is fully implemented according to the W3C specifications.</p>
      <table width="100%">
         <tr>
            <td>
               <p align="right"><a class="nav" href="function-name.xml">Next</a></p>
            </td>
         </tr>
      </table>
   </body>
</html>