<?xml version="1.0" encoding="iso-8859-1"?>
<?xml-stylesheet href="../../make-menu.xsl" type="text/xsl"?><html>
   <head>
      <this-is section="functions" page="intro" subpage="map"/>
      <!--
           Generated at 2011-12-09T20:47:22.916Z--><title>Saxonica: XSLT and XQuery Processing: map</title>
      <meta name="coverage" content="Worldwide"/>
      <meta name="copyright" content="Copyright Saxonica Ltd"/>
      <meta name="title" content="Saxonica: XSLT and XQuery Processing: map"/>
      <meta name="robots" content="noindex,nofollow"/>
      <link rel="stylesheet" href="../../saxondocs.css" type="text/css"/>
   </head>
   <body class="main">
      <h1>map</h1>
      <p>Applies the function item <code>$f</code> to every item from the sequence 
            <code>$seq</code> in turn, returning the concatenation of the resulting sequences in order.</p>
      <p class="subhead">map($f as function(item()) as item()*, $seq as item()*) &#8594; item()*</p>
      <table>
         <tr>
            <td width="470" align="left" colspan="4" style="border-top:solid 1px #3D5B96; ">
               <p>
                     <i>Arguments</i>
                  </p>
            </td>
         </tr>
         <tr>
            <td width="40">
               <p>�</p>
            </td>
            <td width="80" valign="top">
               <p>$f</p>
            </td>
            <td valign="top" width="150">
               <p>function(item()) as item()*</p>
            </td>
            <td valign="top" width="200">
               <p>The function item to be invoked on each member of the supplied sequence</p>
            </td>
         </tr>
         <tr>
            <td width="40">
               <p>�</p>
            </td>
            <td width="80" valign="top">
               <p>$seq</p>
            </td>
            <td valign="top" width="150">
               <p>item()*</p>
            </td>
            <td valign="top" width="200">
               <p>The input sequence: the supplied function will be applied to each item in this sequence</p>
            </td>
         </tr>
         <tr>
            <td colspan="2"
                style="border-top:solid 1px #3D5B96; border-bottom:solid 1px #3D5B96;">
               <p>
                     <i>Result</i>
                  </p>
            </td>
            <td style="border-top:solid 1px #3D5B96; border-bottom:solid 1px #3D5B96;"
                colspan="2">
               <p>item()*</p>
            </td>
         </tr>
      </table>
      <p class="subhead">Links to W3C specifications</p>
      <p>Namespace: http://www.w3.org/2005/xpath-functions</p>
      <p>Applies to: XPath 3.0, XSLT 3.0, XQuery 3.0 (if enabled in Saxon: requires Saxon-PE or Saxon-EE)</p>
      <p>
            <a href="http://www.w3.org/TR/xpath-functions-30/#func-map" class="bodylink">XPath 3.0 Functions and Operators</a>
         </p>
      <p class="subhead">Notes on the Saxon implementation</p>
      <p>Newly implemented in Saxon 9.3. Requires XPath 3.0 to be enabled.</p>
      <table width="100%">
         <tr>
            <td>
               <p align="right"><a class="nav" href="map-pairs.xml">Next</a></p>
            </td>
         </tr>
      </table>
   </body>
</html>