<?xml version="1.0" encoding="iso-8859-1"?>
<?xml-stylesheet href="../../make-menu.xsl" type="text/xsl"?><html>
   <head>
      <this-is section="functions" page="intro" subpage="path"/>
      <!--
           Generated at 2011-12-09T20:47:22.916Z--><title>Saxonica: XSLT and XQuery Processing: path</title>
      <meta name="coverage" content="Worldwide"/>
      <meta name="copyright" content="Copyright Saxonica Ltd"/>
      <meta name="title" content="Saxonica: XSLT and XQuery Processing: path"/>
      <meta name="robots" content="noindex,nofollow"/>
      <link rel="stylesheet" href="../../saxondocs.css" type="text/css"/>
   </head>
   <body class="main">
      <h1>path</h1>
      <p>This function takes as input a node
            (defaulting to the context node), and returns an XPath expression defining a
            path to that node from the root of its containing tree (which must be a document node). The
            path will use expanded QNames so that it is not sensitive to the namespace context.</p>
      <p class="subhead">path() &#8594; xs:string</p>
      <table>
         <tr>
            <td width="470" align="left" colspan="4" style="border-top:solid 1px #3D5B96; ">
               <p>
                     <i>There are no arguments</i>
                  </p>
            </td>
         </tr>
         <tr>
            <td colspan="2"
                style="border-top:solid 1px #3D5B96; border-bottom:solid 1px #3D5B96;">
               <p>
                     <i>Result</i>
                  </p>
            </td>
            <td style="border-top:solid 1px #3D5B96; border-bottom:solid 1px #3D5B96;"
                colspan="2">
               <p>xs:string</p>
            </td>
         </tr>
      </table>
      <p class="subhead">path($arg as node()?) &#8594; xs:string?</p>
      <table>
         <tr>
            <td width="470" align="left" colspan="4" style="border-top:solid 1px #3D5B96; ">
               <p>
                     <i>Arguments</i>
                  </p>
            </td>
         </tr>
         <tr>
            <td width="40">
               <p>�</p>
            </td>
            <td width="80" valign="top">
               <p>$arg</p>
            </td>
            <td valign="top" width="150">
               <p>node()?</p>
            </td>
            <td valign="top" width="200">
               <p>The node whose path is to be determined</p>
            </td>
         </tr>
         <tr>
            <td colspan="2"
                style="border-top:solid 1px #3D5B96; border-bottom:solid 1px #3D5B96;">
               <p>
                     <i>Result</i>
                  </p>
            </td>
            <td style="border-top:solid 1px #3D5B96; border-bottom:solid 1px #3D5B96;"
                colspan="2">
               <p>xs:string?</p>
            </td>
         </tr>
      </table>
      <p class="subhead">Links to W3C specifications</p>
      <p>Namespace: http://www.w3.org/2005/xpath-functions</p>
      <p>Applies to: XPath 3.0, XSLT 3.0, XQuery 3.0 (if enabled in Saxon: requires Saxon-PE or Saxon-EE)</p>
      <p>
            <a href="http://www.w3.org/TR/xpath-functions-30/#func-path" class="bodylink">XPath 3.0 Functions and Operators</a>
         </p>
      <p class="subhead">Notes on the Saxon implementation</p>
      <p>Newly implemented in Saxon 9.4, provided XPath 3.0 is enabled; replaces the extension function <code>saxon:path</code>
         which is retained for the time being.</p>
      <table width="100%">
         <tr>
            <td>
               <p align="right"><a class="nav" href="pi.xml">Next</a></p>
            </td>
         </tr>
      </table>
   </body>
</html>