<?xml version="1.0" encoding="iso-8859-1"?>
<?xml-stylesheet href="../../make-menu.xsl" type="text/xsl"?><html>
   <head>
      <this-is section="functions" page="intro" subpage="put"/>
      <!--
           Generated at 2011-12-09T20:47:22.916Z--><title>Saxonica: XSLT and XQuery Processing: put</title>
      <meta name="coverage" content="Worldwide"/>
      <meta name="copyright" content="Copyright Saxonica Ltd"/>
      <meta name="title" content="Saxonica: XSLT and XQuery Processing: put"/>
      <meta name="robots" content="noindex,nofollow"/>
      <link rel="stylesheet" href="../../saxondocs.css" type="text/css"/>
   </head>
   <body class="main">
      <h1>put</h1>
      <p>Writes an updated document to disk.</p>
      <p class="subhead">put($doc as node(), $uri as xs:string) &#8594; xs:NCName?</p>
      <table>
         <tr>
            <td width="470" align="left" colspan="4" style="border-top:solid 1px #3D5B96; ">
               <p>
                     <i>Arguments</i>
                  </p>
            </td>
         </tr>
         <tr>
            <td width="40">
               <p>�</p>
            </td>
            <td width="80" valign="top">
               <p>$doc</p>
            </td>
            <td valign="top" width="150">
               <p>node()</p>
            </td>
            <td valign="top" width="200">
               <p>The document to be written to disk</p>
            </td>
         </tr>
         <tr>
            <td width="40">
               <p>�</p>
            </td>
            <td width="80" valign="top">
               <p>$uri</p>
            </td>
            <td valign="top" width="150">
               <p>xs:string</p>
            </td>
            <td valign="top" width="200">
               <p>The location where the document is to be written, as a file:/// URI</p>
            </td>
         </tr>
         <tr>
            <td colspan="2"
                style="border-top:solid 1px #3D5B96; border-bottom:solid 1px #3D5B96;">
               <p>
                     <i>Result</i>
                  </p>
            </td>
            <td style="border-top:solid 1px #3D5B96; border-bottom:solid 1px #3D5B96;"
                colspan="2">
               <p>xs:NCName?</p>
            </td>
         </tr>
      </table>
      <p class="subhead">Links to W3C specifications</p>
      <p>Namespace: http://www.w3.org/2005/xpath-functions</p>
      <p>Applies to: </p>
      <p class="subhead">Notes on the Saxon implementation</p>
      <p>Implemented in Saxon; available only when XQuery Updates is enabled.</p>
      <table width="100%">
         <tr>
            <td>
               <p align="right"><a class="nav" href="QName.xml">Next</a></p>
            </td>
         </tr>
      </table>
   </body>
</html>