<?xml version="1.0" encoding="iso-8859-1"?>
<?xml-stylesheet href="../../make-menu.xsl" type="text/xsl"?><html>
   <head>
      <this-is section="functions" page="intro" subpage="system-property"/>
      <!--
           Generated at 2011-12-09T20:47:22.916Z--><title>Saxonica: XSLT and XQuery Processing: system-property</title>
      <meta name="coverage" content="Worldwide"/>
      <meta name="copyright" content="Copyright Saxonica Ltd"/>
      <meta name="title" content="Saxonica: XSLT and XQuery Processing: system-property"/>
      <meta name="robots" content="noindex,nofollow"/>
      <link rel="stylesheet" href="../../saxondocs.css" type="text/css"/>
   </head>
   <body class="main">
      <h1>system-property</h1>
      <p>Returns the value of a system property</p>
      <p class="subhead">system-property($arg as xs:string) &#8594; xs:string</p>
      <table>
         <tr>
            <td width="470" align="left" colspan="4" style="border-top:solid 1px #3D5B96; ">
               <p>
                     <i>Arguments</i>
                  </p>
            </td>
         </tr>
         <tr>
            <td width="40">
               <p>�</p>
            </td>
            <td width="80" valign="top">
               <p>$arg</p>
            </td>
            <td valign="top" width="150">
               <p>xs:string</p>
            </td>
            <td valign="top" width="200">
               <p>The name of the system property required</p>
            </td>
         </tr>
         <tr>
            <td colspan="2"
                style="border-top:solid 1px #3D5B96; border-bottom:solid 1px #3D5B96;">
               <p>
                     <i>Result</i>
                  </p>
            </td>
            <td style="border-top:solid 1px #3D5B96; border-bottom:solid 1px #3D5B96;"
                colspan="2">
               <p>xs:string</p>
            </td>
         </tr>
      </table>
      <p class="subhead">Links to W3C specifications</p>
      <p>Namespace: http://www.w3.org/2005/xpath-functions</p>
      <p>Applies to: XSLT 2.0 and later versions</p>
      <p>
            <a href="http://www.w3.org/TR/xslt20/#function-system-property" class="bodylink">XSLT 2.0 Specification</a>
         </p>
      <p>
            <a href="http://www.w3.org/TR/xslt-21/#function-system-property" class="bodylink">XSLT 2.1 Specification</a>
         </p>
      <p class="subhead">Notes on the Saxon implementation</p>
      <p>As well as the standard system properties defined in the XSLT namespace,
         the Saxon implementation will return the value of a Java system property (e.g. as set using -X on the Java VM invocation)
      if the name is unprefixed. It does NOT return the values of operating system environment variables.</p>
      <p>More specifically, if the argument is a name in no namespace,
    that is, if the name is unprefixed, then the name is taken to refer to a Java system
    property, and the value of that property is returned if it exists. For example, on
    a Windows platform, <code>system-property('file.separator')</code> returns "\".
    This can be used to obtain information from the environment, and is especially useful
    in conjunction with <code>use-when</code> conditional compilation.</p>
      <table width="100%">
         <tr>
            <td>
               <p align="right"><a class="nav" href="tail.xml">Next</a></p>
            </td>
         </tr>
      </table>
   </body>
</html>