<?xml version="1.0" encoding="UTF-8"?>
<packages title="Search Data">
   <j id="Saxon.Api" in="p">
      <j id="Processor" in="c" qy="processor">
         <j id="ProductTitle" in="y" qy="producttitle"/>
         <j id="ProductVersion" in="y" qy="productversion"/>
         <j id="Edition" in="y" qy="edition"/>
         <j id="SchemaManager" in="y" qy="schemamanager"/>
         <j id="XmlResolver" in="y" qy="xmlresolver"/>
         <j id="ErrorWriter" in="y" qy="errorwriter"/>
         <j id="XmlVersion" in="y" qy="xmlversion"/>
         <j id="Implementation" in="y" qy="implementation"/>
         <j id="JProcessor" in="y" qy="jprocessor"/>
         <j id="NewDocumentBuilder" in="m" qy="newdocumentbuilder"/>
         <j id="NewXQueryCompiler" in="m" qy="newxquerycompiler"/>
         <j id="NewXsltCompiler" in="m" qy="newxsltcompiler"/>
         <j id="NewXPathCompiler" in="m" qy="newxpathcompiler"/>
         <j id="NewSerializer" in="m" qy="newserializer"/>
         <j id="NewSerializer" in="m" qy="newserializer"/>
         <j id="NewSerializer" in="m" qy="newserializer"/>
         <j id="RegisterCollection" in="m" qy="registercollection"/>
         <j id="RegisterExtensionFunction"
            in="m"
            qy="registerextensionfunction"/>
         <j id="WriteXdmValue" in="m" qy="writexdmvalue"/>
         <j id="SetProperty" in="m" qy="setproperty"/>
         <j id="GetProperty" in="m" qy="getproperty"/>
      </j>
      <j id="DocumentBuilder" in="c" qy="documentbuilder">
         <j id="XmlResolver" in="y" qy="xmlresolver"/>
         <j id="IsLineNumbering" in="y" qy="islinenumbering"/>
         <j id="SchemaValidationMode" in="y" qy="schemavalidationmode"/>
         <j id="TopLevelElementName" in="y" qy="toplevelelementname"/>
         <j id="DtdValidation" in="y" qy="dtdvalidation"/>
         <j id="WhitespacePolicy" in="y" qy="whitespacepolicy"/>
         <j id="TreeModel" in="y" qy="treemodel"/>
         <j id="BaseUri" in="y" qy="baseuri"/>
         <j id="DocumentProjectionQuery" in="y" qy="documentprojectionquery"/>
         <j id="Build" in="m" qy="build"/>
         <j id="Build" in="m" qy="build"/>
         <j id="Build" in="m" qy="build"/>
         <j id="Build" in="m" qy="build"/>
         <j id="Build" in="m" qy="build"/>
         <j id="Build" in="m" qy="build"/>
         <j id="Wrap" in="m" qy="wrap"/>
      </j>
      <j id="DomDestination" in="c" qy="domdestination">
         <j id="XmlDocument" in="y" qy="xmldocument"/>
         <j id="GetReceiver" in="m" qy="getreceiver"/>
         <j id="GetReceiver" in="m" qy="getreceiver"/>
      </j>
      <j id="DotNetModuleURIResolver" in="c" qy="dotnetmoduleuriresolver">
         <j id="resolve" in="m" qy="resolve"/>
      </j>
      <j id="DotNetObjectModelDefinition"
         in="c"
         qy="dotnetobjectmodeldefinition">
         <j id="isXdmValue" in="m" qy="isxdmvalue"/>
         <j id="isXdmAtomicValueType" in="m" qy="isxdmatomicvaluetype"/>
         <j id="isXdmValueType" in="m" qy="isxdmvaluetype"/>
         <j id="unwrapXdmValue" in="m" qy="unwrapxdmvalue"/>
         <j id="wrapAsXdmValue" in="m" qy="wrapasxdmvalue"/>
         <j id="isXmlNodeType" in="m" qy="isxmlnodetype"/>
      </j>
      <j id="DotNetSchemaURIResolver" in="c" qy="dotnetschemauriresolver">
         <j id="setConfiguration" in="m" qy="setconfiguration"/>
         <j id="resolve" in="m" qy="resolve"/>
      </j>
      <j id="DotNetSequenceIterator" in="c" qy="dotnetsequenceiterator">
         <j id="next" in="m" qy="next"/>
         <j id="current" in="m" qy="current"/>
         <j id="position" in="m" qy="position"/>
         <j id="close" in="m" qy="close"/>
         <j id="getAnother" in="m" qy="getanother"/>
         <j id="getProperties" in="m" qy="getproperties"/>
      </j>
      <j id="DynamicContext" in="c" qy="dynamiccontext">
         <j id="ContextItem" in="y" qy="contextitem"/>
         <j id="ContextPosition" in="y" qy="contextposition"/>
         <j id="ContextSize" in="y" qy="contextsize"/>
         <j id="Implementation" in="y" qy="implementation"/>
      </j>
      <j id="DynamicError" in="c" qy="dynamicerror">
         <j id="ErrorCode" in="y" qy="errorcode"/>
         <j id="Message" in="y" qy="message"/>
         <j id="ModuleUri" in="y" qy="moduleuri"/>
         <j id="LineNumber" in="y" qy="linenumber"/>
         <j id="IsWarning" in="y" qy="iswarning"/>
         <j id="IsTypeError" in="y" qy="istypeerror"/>
         <j id="ToString" in="m" qy="tostring"/>
      </j>
      <j id="EmptyEnumerator" in="c" qy="emptyenumerator">
         <j id="INSTANCE" in="y" qy="instance"/>
         <j id="Current" in="y" qy="current"/>
         <j id="Reset" in="m" qy="reset"/>
         <j id="MoveNext" in="m" qy="movenext"/>
         <j id="GetAnother" in="m" qy="getanother"/>
      </j>
      <j id="ErrorGatherer" in="c" qy="errorgatherer">
         <j id="ErrorList{" in="y" qy="errorlist{"/>
         <j id="warning" in="m" qy="warning"/>
         <j id="error" in="m" qy="error"/>
         <j id="fatalError" in="m" qy="fatalerror"/>
      </j>
      <j id="ExtensionFunctionCall" in="c" qy="extensionfunctioncall">
         <j id="SupplyStaticContext" in="m" qy="supplystaticcontext"/>
         <j id="CopyLocalData" in="m" qy="copylocaldata"/>
         <j id="Call" in="m" qy="call"/>
      </j>
      <j id="ExtensionFunctionDefinition"
         in="c"
         qy="extensionfunctiondefinition">
         <j id="FunctionName" in="y" qy="functionname"/>
         <j id="MinimumNumberOfArguments" in="y" qy="minimumnumberofarguments"/>
         <j id="MaximumNumberOfArguments" in="y" qy="maximumnumberofarguments"/>
         <j id="ArgumentTypes" in="y" qy="argumenttypes"/>
         <j id="TrustResultType" in="y" qy="trustresulttype"/>
         <j id="DependsOnFocus" in="y" qy="dependsonfocus"/>
         <j id="HasSideEffects" in="y" qy="hassideeffects"/>
         <j id="ResultType" in="m" qy="resulttype"/>
         <j id="MakeFunctionCall" in="m" qy="makefunctioncall"/>
      </j>
      <j id="MessageListenerProxy" in="c" qy="messagelistenerproxy">
         <j id="listener" in="y" qy="listener"/>
         <j id="terminate" in="y" qy="terminate"/>
         <j id="locationId" in="y" qy="locationid"/>
         <j id="startDocument" in="m" qy="startdocument"/>
         <j id="startElement" in="m" qy="startelement"/>
         <j id="characters" in="m" qy="characters"/>
         <j id="append" in="m" qy="append"/>
         <j id="write" in="m" qy="write"/>
      </j>
      <j id="NullDestination" in="c" qy="nulldestination">
         <j id="GetReceiver" in="m" qy="getreceiver"/>
      </j>
      <j id="ParameterDetails" in="c" qy="parameterdetails">
         <j id="IsRequired" in="y" qy="isrequired"/>
         <j id="getDeclaredItemType" in="m" qy="getdeclareditemtype"/>
         <j id="getDeclaredCardinality" in="m" qy="getdeclaredcardinality"/>
         <j id="getUnderlyingDeclaredType"
            in="m"
            qy="getunderlyingdeclaredtype"/>
      </j>
      <j id="QName" in="c" qy="qname">
         <j id="XS_STRING" in="y" qy="xs_string"/>
         <j id="XS_INTEGER" in="y" qy="xs_integer"/>
         <j id="XS_DOUBLE" in="y" qy="xs_double"/>
         <j id="XS_FLOAT" in="y" qy="xs_float"/>
         <j id="XS_DECIMAL" in="y" qy="xs_decimal"/>
         <j id="XS_BOOLEAN" in="y" qy="xs_boolean"/>
         <j id="XS_ANYURI" in="y" qy="xs_anyuri"/>
         <j id="XS_QNAME" in="y" qy="xs_qname"/>
         <j id="XS_UNTYPED_ATOMIC" in="y" qy="xs_untyped_atomic"/>
         <j id="XDT_UNTYPED_ATOMIC" in="y" qy="xdt_untyped_atomic"/>
         <j id="Prefix" in="y" qy="prefix"/>
         <j id="Uri" in="y" qy="uri"/>
         <j id="LocalName" in="y" qy="localname"/>
         <j id="ClarkName" in="y" qy="clarkname"/>
         <j id="FromClarkName" in="m" qy="fromclarkname"/>
         <j id="FromEQName" in="m" qy="fromeqname"/>
         <j id="Register" in="m" qy="register"/>
         <j id="IsValid" in="m" qy="isvalid"/>
         <j id="ToString" in="m" qy="tostring"/>
         <j id="GetHashCode" in="m" qy="gethashcode"/>
         <j id="Equals" in="m" qy="equals"/>
         <j id="ToXmlQualifiedName" in="m" qy="toxmlqualifiedname"/>
      </j>
      <j id="ResultDocumentHandlerWrapper"
         in="c"
         qy="resultdocumenthandlerwrapper">
         <j id="newInstance" in="m" qy="newinstance"/>
         <j id="resolve" in="m" qy="resolve"/>
         <j id="close" in="m" qy="close"/>
      </j>
      <j id="SchemaManager" in="c" qy="schemamanager">
         <j id="XsdVersion" in="y" qy="xsdversion"/>
         <j id="SchemaResolver" in="y" qy="schemaresolver"/>
         <j id="ErrorList" in="y" qy="errorlist"/>
         <j id="Compile" in="m" qy="compile"/>
         <j id="Compile" in="m" qy="compile"/>
         <j id="Compile" in="m" qy="compile"/>
         <j id="Compile" in="m" qy="compile"/>
         <j id="NewSchemaValidator" in="m" qy="newschemavalidator"/>
         <j id="GetAtomicType" in="m" qy="getatomictype"/>
      </j>
      <j id="SchemaValidator" in="c" qy="schemavalidator">
         <j id="IsLax" in="y" qy="islax"/>
         <j id="UseXsiSchemaLocation" in="y" qy="usexsischemalocation"/>
         <j id="ErrorList" in="y" qy="errorlist"/>
         <j id="SetSource" in="m" qy="setsource"/>
         <j id="SetSource" in="m" qy="setsource"/>
         <j id="SetSource" in="m" qy="setsource"/>
         <j id="SetSource" in="m" qy="setsource"/>
         <j id="SetDestination" in="m" qy="setdestination"/>
         <j id="Run" in="m" qy="run"/>
      </j>
      <j id="SequenceEnumerator" in="c" qy="sequenceenumerator">
         <j id="Current" in="y" qy="current"/>
         <j id="MoveNext" in="m" qy="movenext"/>
         <j id="Reset" in="m" qy="reset"/>
         <j id="GetAnother" in="m" qy="getanother"/>
      </j>
      <j id="Serializer" in="c" qy="serializer">
         <j id="METHOD" in="y" qy="method"/>
         <j id="BYTE_ORDER_MARK" in="y" qy="byte_order_mark"/>
         <j id="CDATA_SECTION_ELEMENTS" in="y" qy="cdata_section_elements"/>
         <j id="DOCTYPE_PUBLIC" in="y" qy="doctype_public"/>
         <j id="DOCTYPE_SYSTEM" in="y" qy="doctype_system"/>
         <j id="ENCODING" in="y" qy="encoding"/>
         <j id="ESCAPE_URI_ATTRIBUTES" in="y" qy="escape_uri_attributes"/>
         <j id="INCLUDE_CONTENT_TYPE" in="y" qy="include_content_type"/>
         <j id="INDENT" in="y" qy="indent"/>
         <j id="MEDIA_TYPE" in="y" qy="media_type"/>
         <j id="NORMALIZATION_FORM" in="y" qy="normalization_form"/>
         <j id="OMIT_XML_DECLARATION" in="y" qy="omit_xml_declaration"/>
         <j id="STANDALONE" in="y" qy="standalone"/>
         <j id="SUPPRESS_INDENTATION" in="y" qy="suppress_indentation"/>
         <j id="UNDECLARE_PREFIXES" in="y" qy="undeclare_prefixes"/>
         <j id="USE_CHARACTER_MAPS" in="y" qy="use_character_maps"/>
         <j id="VERSION" in="y" qy="version"/>
         <j id="SAXON_CHARACTER_REPRESENTATION"
            in="y"
            qy="saxon_character_representation"/>
         <j id="SAXON_INDENT_SPACES" in="y" qy="saxon_indent_spaces"/>
         <j id="SAXON_DOUBLE_SPACE" in="y" qy="saxon_double_space"/>
         <j id="SAXON_SUPPRESS_INDENTATION"
            in="y"
            qy="saxon_suppress_indentation"/>
         <j id="NEXT_IN_CHAIN" in="y" qy="next_in_chain"/>
         <j id="SAXON_REQUIRE_WELL_FORMED"
            in="y"
            qy="saxon_require_well_formed"/>
         <j id="SetOutputProperty" in="m" qy="setoutputproperty"/>
         <j id="SetDefaultOutputProperties"
            in="m"
            qy="setdefaultoutputproperties"/>
         <j id="SetCharacterMap" in="m" qy="setcharactermap"/>
         <j id="SetOutputFile" in="m" qy="setoutputfile"/>
         <j id="SetOutputStream" in="m" qy="setoutputstream"/>
         <j id="GetOutputDestination" in="m" qy="getoutputdestination"/>
         <j id="SetProcessor" in="m" qy="setprocessor"/>
         <j id="SetOutputWriter" in="m" qy="setoutputwriter"/>
         <j id="GetReceiver" in="m" qy="getreceiver"/>
         <j id="GetOutputProperties" in="m" qy="getoutputproperties"/>
         <j id="Close" in="m" qy="close"/>
      </j>
      <j id="StandardLogger" in="c" qy="standardlogger">
         <j id="UnderylingTextWriter" in="y" qy="underylingtextwriter"/>
         <j id="Threshold" in="y" qy="threshold"/>
         <j id="asStreamResult" in="m" qy="asstreamresult"/>
         <j id="println" in="m" qy="println"/>
      </j>
      <j id="StaticContext" in="c" qy="staticcontext">
         <j id="ModuleUri" in="y" qy="moduleuri"/>
         <j id="LineNumber" in="y" qy="linenumber"/>
         <j id="BaseUri" in="y" qy="baseuri"/>
         <j id="Processor" in="y" qy="processor"/>
         <j id="Implementation" in="y" qy="implementation"/>
         <j id="GetNamespaceForPrefix" in="m" qy="getnamespaceforprefix"/>
      </j>
      <j id="StaticError" in="c" qy="staticerror">
         <j id="ErrorCode" in="y" qy="errorcode"/>
         <j id="Message" in="y" qy="message"/>
         <j id="InnerMessage" in="y" qy="innermessage"/>
         <j id="ModuleUri" in="y" qy="moduleuri"/>
         <j id="LineNumber" in="y" qy="linenumber"/>
         <j id="ColoumnNumber" in="y" qy="coloumnnumber"/>
         <j id="IsWarning" in="y" qy="iswarning"/>
         <j id="IsTypeError" in="y" qy="istypeerror"/>
         <j id="UnderlyingException" in="y" qy="underlyingexception"/>
         <j id="ToString" in="m" qy="tostring"/>
      </j>
      <j id="TextWriterDestination" in="c" qy="textwriterdestination">
         <j id="CloseAfterUse" in="y" qy="closeafteruse"/>
         <j id="GetReceiver" in="m" qy="getreceiver"/>
      </j>
      <j id="TreeProtector" in="c" qy="treeprotector">
         <j id="startDocument" in="m" qy="startdocument"/>
         <j id="endDocument" in="m" qy="enddocument"/>
         <j id="startElement" in="m" qy="startelement"/>
         <j id="endElement" in="m" qy="endelement"/>
         <j id="characters" in="m" qy="characters"/>
         <j id="processingInstruction" in="m" qy="processinginstruction"/>
         <j id="comment" in="m" qy="comment"/>
         <j id="append" in="m" qy="append"/>
      </j>
      <j id="WrappedExtensionFunctionCall"
         in="c"
         qy="wrappedextensionfunctioncall">
         <j id="supplyStaticContext" in="m" qy="supplystaticcontext"/>
         <j id="copyLocalData" in="m" qy="copylocaldata"/>
         <j id="call" in="m" qy="call"/>
      </j>
      <j id="WrappedExtensionFunctionDefinition"
         in="c"
         qy="wrappedextensionfunctiondefinition">
         <j id="getFunctionQName" in="m" qy="getfunctionqname"/>
         <j id="getMinimumNumberOfArguments"
            in="m"
            qy="getminimumnumberofarguments"/>
         <j id="getMaximumNumberOfArguments"
            in="m"
            qy="getmaximumnumberofarguments"/>
         <j id="getArgumentTypes" in="m" qy="getargumenttypes"/>
         <j id="getResultType" in="m" qy="getresulttype"/>
         <j id="trustResultType" in="m" qy="trustresulttype"/>
         <j id="dependsOnFocus" in="m" qy="dependsonfocus"/>
         <j id="hasSideEffects" in="m" qy="hassideeffects"/>
         <j id="makeCallExpression" in="m" qy="makecallexpression"/>
      </j>
      <j id="XdmAnyFunctionType" in="c" qy="xdmanyfunctiontype">
         <j id="Instance" in="y" qy="instance"/>
      </j>
      <j id="XdmAnyItemType" in="c" qy="xdmanyitemtype">
         <j id="Instance" in="y" qy="instance"/>
      </j>
      <j id="XdmAnyNodeType" in="c" qy="xdmanynodetype">
         <j id="Instance" in="y" qy="instance"/>
      </j>
      <j id="XdmAtomicType" in="c" qy="xdmatomictype">
         <j id="Name" in="y" qy="name"/>
         <j id="BuiltInAtomicType" in="m" qy="builtinatomictype"/>
      </j>
      <j id="XdmAtomicValue" in="c" qy="xdmatomicvalue">
         <j id="Value" in="y" qy="value"/>
         <j id="IsAtomic" in="m" qy="isatomic"/>
         <j id="WrapExternalObject" in="m" qy="wrapexternalobject"/>
         <j id="GetBooleanValue" in="m" qy="getbooleanvalue"/>
         <j id="GetLongValue" in="m" qy="getlongvalue"/>
         <j id="GetDoubleValue" in="m" qy="getdoublevalue"/>
         <j id="GetDecimalValue" in="m" qy="getdecimalvalue"/>
         <j id="ToString" in="m" qy="tostring"/>
         <j id="GetTypeName" in="m" qy="gettypename"/>
         <j id="GetPrimitiveTypeName" in="m" qy="getprimitivetypename"/>
      </j>
      <j id="XdmDestination" in="c" qy="xdmdestination">
         <j id="TreeModel" in="y" qy="treemodel"/>
         <j id="BaseUri" in="y" qy="baseuri"/>
         <j id="XdmNode" in="y" qy="xdmnode"/>
         <j id="Reset" in="m" qy="reset"/>
         <j id="GetReceiver" in="m" qy="getreceiver"/>
      </j>
      <j id="XdmEmptySequence" in="c" qy="xdmemptysequence">
         <j id="INSTANCE" in="y" qy="instance"/>
      </j>
      <j id="XdmFunctionItem" in="c" qy="xdmfunctionitem">
         <j id="FunctionName" in="y" qy="functionname"/>
         <j id="Arity" in="y" qy="arity"/>
         <j id="IsAtomic" in="m" qy="isatomic"/>
         <j id="invoke" in="m" qy="invoke"/>
      </j>
      <j id="XdmItem" in="c" qy="xdmitem">
         <j id="IsAtomic" in="m" qy="isatomic"/>
      </j>
      <j id="XdmItemType" in="c" qy="xdmitemtype"/>
      <j id="XdmNode" in="c" qy="xdmnode">
         <j id="NodeName" in="y" qy="nodename"/>
         <j id="NodeKind" in="y" qy="nodekind"/>
         <j id="TypedValue" in="y" qy="typedvalue"/>
         <j id="StringValue" in="y" qy="stringvalue"/>
         <j id="Parent" in="y" qy="parent"/>
         <j id="Root" in="y" qy="root"/>
         <j id="BaseUri" in="y" qy="baseuri"/>
         <j id="DocumentUri" in="y" qy="documenturi"/>
         <j id="OuterXml" in="y" qy="outerxml"/>
         <j id="Implementation" in="y" qy="implementation"/>
         <j id="IsAtomic" in="m" qy="isatomic"/>
         <j id="getUnderlyingXmlNode" in="m" qy="getunderlyingxmlnode"/>
         <j id="GetAttributeValue" in="m" qy="getattributevalue"/>
         <j id="EnumerateAxis" in="m" qy="enumerateaxis"/>
         <j id="EnumerateAxis" in="m" qy="enumerateaxis"/>
         <j id="WriteTo" in="m" qy="writeto"/>
         <j id="Equals" in="m" qy="equals"/>
         <j id="GetHashCode" in="m" qy="gethashcode"/>
         <j id="ToString" in="m" qy="tostring"/>
      </j>
      <j id="XdmNodeKind" in="c" qy="xdmnodekind">
         <j id="Document" in="y" qy="document"/>
         <j id="Element" in="y" qy="element"/>
         <j id="Attribute" in="y" qy="attribute"/>
         <j id="Text" in="y" qy="text"/>
         <j id="Comment" in="y" qy="comment"/>
         <j id="ProcessingInstruction" in="y" qy="processinginstruction"/>
         <j id="Namespace" in="y" qy="namespace"/>
         <j id="ForNode" in="m" qy="fornode"/>
         <j id="ForNodeType" in="m" qy="fornodetype"/>
      </j>
      <j id="XdmSequenceType" in="c" qy="xdmsequencetype">
         <j id="ZERO_OR_MORE" in="y" qy="zero_or_more"/>
         <j id="ONE_OR_MORE" in="y" qy="one_or_more"/>
         <j id="ZERO_OR_ONE" in="y" qy="zero_or_one"/>
         <j id="ZERO" in="y" qy="zero"/>
         <j id="ONE" in="y" qy="one"/>
      </j>
      <j id="XdmValue" in="c" qy="xdmvalue">
         <j id="Count" in="y" qy="count"/>
         <j id="Simplify" in="y" qy="simplify"/>
         <j id="Append" in="m" qy="append"/>
         <j id="Wrap" in="m" qy="wrap"/>
         <j id="Unwrap" in="m" qy="unwrap"/>
         <j id="GetList" in="m" qy="getlist"/>
         <j id="GetEnumerator" in="m" qy="getenumerator"/>
      </j>
      <j id="XmlDestination" in="c" qy="xmldestination">
         <j id="GetReceiver" in="m" qy="getreceiver"/>
         <j id="GetOutputProperties" in="m" qy="getoutputproperties"/>
         <j id="Close" in="m" qy="close"/>
      </j>
      <j id="XmlLocation" in="c" qy="xmllocation">
         <j id="BaseUri" in="y" qy="baseuri"/>
         <j id="LineNumber" in="y" qy="linenumber"/>
      </j>
      <j id="XPathCompiler" in="c" qy="xpathcompiler">
         <j id="Processor" in="y" qy="processor"/>
         <j id="AllowUndeclaredVariables" in="y" qy="allowundeclaredvariables"/>
         <j id="SchemaAware" in="y" qy="schemaaware"/>
         <j id="XPathLanguageVersion" in="y" qy="xpathlanguageversion"/>
         <j id="ContextItemType" in="y" qy="contextitemtype"/>
         <j id="BaseUri" in="y" qy="baseuri"/>
         <j id="BackwardsCompatible" in="y" qy="backwardscompatible"/>
         <j id="Caching" in="y" qy="caching"/>
         <j id="DeclareCollation" in="m" qy="declarecollation"/>
         <j id="DeclareNamespace" in="m" qy="declarenamespace"/>
         <j id="GetNamespaceURI" in="m" qy="getnamespaceuri"/>
         <j id="ImportSchemaNamespace" in="m" qy="importschemanamespace"/>
         <j id="SetDecimalFormatProperty" in="m" qy="setdecimalformatproperty"/>
         <j id="DeclareVariable" in="m" qy="declarevariable"/>
         <j id="Compile" in="m" qy="compile"/>
         <j id="Evaluate" in="m" qy="evaluate"/>
         <j id="EvaluateSingle" in="m" qy="evaluatesingle"/>
      </j>
      <j id="XPathExecutable" in="c" qy="xpathexecutable">
         <j id="EnumerateExternalVariables"
            in="m"
            qy="enumerateexternalvariables"/>
         <j id="GetRequiredCardinalityForVariable"
            in="m"
            qy="getrequiredcardinalityforvariable"/>
         <j id="Load" in="m" qy="load"/>
      </j>
      <j id="XPathSelector" in="c" qy="xpathselector">
         <j id="ContextItem" in="y" qy="contextitem"/>
         <j id="InputXmlResolver" in="y" qy="inputxmlresolver"/>
         <j id="SetVariable" in="m" qy="setvariable"/>
         <j id="Evaluate" in="m" qy="evaluate"/>
         <j id="EvaluateSingle" in="m" qy="evaluatesingle"/>
         <j id="EffectiveBooleanValue" in="m" qy="effectivebooleanvalue"/>
         <j id="GetEnumerator" in="m" qy="getenumerator"/>
      </j>
      <j id="XQueryCompiler" in="c" qy="xquerycompiler">
         <j id="Processor" in="y" qy="processor"/>
         <j id="ContextItemType" in="y" qy="contextitemtype"/>
         <j id="BaseUri" in="y" qy="baseuri"/>
         <j id="SchemaAware" in="y" qy="schemaaware"/>
         <j id="UpdatingEnabled" in="y" qy="updatingenabled"/>
         <j id="XQueryLanguageVersion" in="y" qy="xquerylanguageversion"/>
         <j id="QueryResolver" in="y" qy="queryresolver"/>
         <j id="ErrorList" in="y" qy="errorlist"/>
         <j id="Implementation" in="y" qy="implementation"/>
         <j id="DeclareCollation" in="m" qy="declarecollation"/>
         <j id="DeclareNamespace" in="m" qy="declarenamespace"/>
         <j id="Compile" in="m" qy="compile"/>
         <j id="Compile" in="m" qy="compile"/>
      </j>
      <j id="XQueryEvaluator" in="c" qy="xqueryevaluator">
         <j id="ContextItem" in="y" qy="contextitem"/>
         <j id="SchemaValidationMode" in="y" qy="schemavalidationmode"/>
         <j id="InputXmlResolver" in="y" qy="inputxmlresolver"/>
         <j id="TraceFunctionDestination" in="y" qy="tracefunctiondestination"/>
         <j id="Implementation" in="y" qy="implementation"/>
         <j id="SetExternalVariable" in="m" qy="setexternalvariable"/>
         <j id="Evaluate" in="m" qy="evaluate"/>
         <j id="EvaluateSingle" in="m" qy="evaluatesingle"/>
         <j id="GetEnumerator" in="m" qy="getenumerator"/>
         <j id="Run" in="m" qy="run"/>
         <j id="RunUpdate" in="m" qy="runupdate"/>
         <j id="CallFunction" in="m" qy="callfunction"/>
      </j>
      <j id="XQueryExecutable" in="c" qy="xqueryexecutable">
         <j id="IsUpdateQuery" in="y" qy="isupdatequery"/>
         <j id="getUnderlyingCompiledQuery"
            in="m"
            qy="getunderlyingcompiledquery"/>
         <j id="Load" in="m" qy="load"/>
      </j>
      <j id="Xslt30Transformer" in="c" qy="xslt30transformer">
         <j id="GlobalContextItem" in="y" qy="globalcontextitem"/>
         <j id="GetUnderlyingController" in="y" qy="getunderlyingcontroller"/>
         <j id="SchemaValidationMode" in="y" qy="schemavalidationmode"/>
         <j id="BaseOutputURI" in="y" qy="baseoutputuri"/>
         <j id="InputXmlResolver" in="y" qy="inputxmlresolver"/>
         <j id="MessageListener" in="y" qy="messagelistener"/>
         <j id="TraceFunctionDestination" in="y" qy="tracefunctiondestination"/>
         <j id="InitialMode" in="y" qy="initialmode"/>
         <j id="SetStylesheetParameters" in="m" qy="setstylesheetparameters"/>
         <j id="SetInitialTemplateParameters"
            in="m"
            qy="setinitialtemplateparameters"/>
         <j id="ApplyTemplates" in="m" qy="applytemplates"/>
         <j id="ApplyTemplates" in="m" qy="applytemplates"/>
         <j id="ApplyTemplates" in="m" qy="applytemplates"/>
         <j id="ApplyTemplates" in="m" qy="applytemplates"/>
         <j id="CallTemplate" in="m" qy="calltemplate"/>
         <j id="CallTemplate" in="m" qy="calltemplate"/>
         <j id="CallFunction" in="m" qy="callfunction"/>
         <j id="CallFunction" in="m" qy="callfunction"/>
      </j>
      <j id="XsltCompiler" in="c" qy="xsltcompiler">
         <j id="BaseUri" in="y" qy="baseuri"/>
         <j id="Processor" in="y" qy="processor"/>
         <j id="XmlResolver" in="y" qy="xmlresolver"/>
         <j id="SchemaAware" in="y" qy="schemaaware"/>
         <j id="XsltLanguageVersion" in="y" qy="xsltlanguageversion"/>
         <j id="ErrorList" in="y" qy="errorlist"/>
         <j id="DeclareCollation" in="m" qy="declarecollation"/>
         <j id="Compile" in="m" qy="compile"/>
         <j id="CompilePackage" in="m" qy="compilepackage"/>
         <j id="CompilePackages" in="m" qy="compilepackages"/>
         <j id="ImportPackage" in="m" qy="importpackage"/>
         <j id="GetUnderlyingCompilerInfo"
            in="m"
            qy="getunderlyingcompilerinfo"/>
         <j id="SetParameter" in="m" qy="setparameter"/>
         <j id="Compile" in="m" qy="compile"/>
         <j id="Compile" in="m" qy="compile"/>
         <j id="Compile" in="m" qy="compile"/>
         <j id="Compile" in="m" qy="compile"/>
         <j id="CompileAssociatedStylesheet"
            in="m"
            qy="compileassociatedstylesheet"/>
      </j>
      <j id="XsltExecutable" in="c" qy="xsltexecutable">
         <j id="Implementation" in="y" qy="implementation"/>
         <j id="Load" in="m" qy="load"/>
         <j id="Load30" in="m" qy="load30"/>
         <j id="Explain" in="m" qy="explain"/>
         <j id="GetGlobalParameters" in="m" qy="getglobalparameters"/>
      </j>
      <j id="XsltPackage" in="c" qy="xsltpackage">
         <j id="Processor" in="y" qy="processor"/>
         <j id="PackageName" in="y" qy="packagename"/>
         <j id="Version" in="y" qy="version"/>
         <j id="Link" in="m" qy="link"/>
         <j id="getUnderlyingPreparedPackage"
            in="m"
            qy="getunderlyingpreparedpackage"/>
      </j>
      <j id="XsltTransformer" in="c" qy="xslttransformer">
         <j id="InitialContextNode" in="y" qy="initialcontextnode"/>
         <j id="InitialMode" in="y" qy="initialmode"/>
         <j id="InitialTemplate" in="y" qy="initialtemplate"/>
         <j id="BaseOutputUri" in="y" qy="baseoutputuri"/>
         <j id="RecoveryPolicy" in="y" qy="recoverypolicy"/>
         <j id="SchemaValidationMode" in="y" qy="schemavalidationmode"/>
         <j id="InputXmlResolver" in="y" qy="inputxmlresolver"/>
         <j id="ResultDocumentHandler" in="y" qy="resultdocumenthandler"/>
         <j id="MessageListener" in="y" qy="messagelistener"/>
         <j id="TraceFunctionDestination" in="y" qy="tracefunctiondestination"/>
         <j id="Destination" in="y" qy="destination"/>
         <j id="Implementation" in="y" qy="implementation"/>
         <j id="SetInputStream" in="m" qy="setinputstream"/>
         <j id="SetParameter" in="m" qy="setparameter"/>
         <j id="Close" in="m" qy="close"/>
         <j id="Run" in="m" qy="run"/>
      </j>
      <j id="IMessageListener" in="c" qy="imessagelistener"/>
      <j id="IQueryResolver" in="c" qy="iqueryresolver">
         <j id="GetModules" in="m" qy="getmodules"/>
         <j id="GetEntity" in="m" qy="getentity"/>
      </j>
      <j id="IResultDocumentHandler" in="c" qy="iresultdocumenthandler"/>
      <j id="IXdmEnumerator" in="c" qy="ixdmenumerator">
         <j id="GetAnother" in="m" qy="getanother"/>
      </j>
      <j id="IXmlLocation" in="c" qy="ixmllocation"/>
      <j id="SchemaResolver" in="c" qy="schemaresolver">
         <j id="GetSchemaDocuments" in="m" qy="getschemadocuments"/>
         <j id="GetEntity" in="m" qy="getentity"/>
      </j>
      <j id="RecoveryPolicy" in="c" qy="recoverypolicy">
         <j id="RecoverSilently" in="f" qy="recoversilently"/>
         <j id="RecoverWithWarnings" in="f" qy="recoverwithwarnings"/>
         <j id="DoNotRecover" in="f" qy="donotrecover"/>
      </j>
      <j id="SchemaValidationMode" in="c" qy="schemavalidationmode">
         <j id="None" in="f" qy="none"/>
         <j id="Strict" in="f" qy="strict"/>
         <j id="Lax" in="f" qy="lax"/>
         <j id="Preserve" in="f" qy="preserve"/>
         <j id="Unspecified" in="f" qy="unspecified"/>
      </j>
      <j id="TreeModel" in="c" qy="treemodel">
         <j id="TinyTree" in="f" qy="tinytree"/>
         <j id="TinyTreeCondensed" in="f" qy="tinytreecondensed"/>
         <j id="LinkedTree" in="f" qy="linkedtree"/>
         <j id="Unspecified" in="f" qy="unspecified"/>
      </j>
      <j id="WhitespacePolicy" in="c" qy="whitespacepolicy">
         <j id="PreserveAll" in="f" qy="preserveall"/>
         <j id="StripIgnorable" in="f" qy="stripignorable"/>
         <j id="StripAll" in="f" qy="stripall"/>
      </j>
      <j id="XdmAxis" in="c" qy="xdmaxis">
         <j id="Ancestor" in="f" qy="ancestor"/>
         <j id="AncestorOrSelf" in="f" qy="ancestororself"/>
         <j id="Attribute" in="f" qy="attribute"/>
         <j id="Child" in="f" qy="child"/>
         <j id="Descendant" in="f" qy="descendant"/>
         <j id="DescendantOrSelf" in="f" qy="descendantorself"/>
         <j id="Following" in="f" qy="following"/>
         <j id="FollowingSibling" in="f" qy="followingsibling"/>
         <j id="Namespace" in="f" qy="namespace"/>
         <j id="Parent" in="f" qy="parent"/>
         <j id="Preceding" in="f" qy="preceding"/>
         <j id="PrecedingSibling" in="f" qy="precedingsibling"/>
         <j id="Self" in="f" qy="self"/>
      </j>
   </j>
</packages>
