<?xml version="1.0" encoding="iso-8859-1"?>
<?xml-stylesheet href="../make-menu.xsl" type="text/xsl"?><html>
   <head>
      <this-is section="about" page="installationjava" subpage=""/>
      <!--
           Generated at 2011-12-09T20:47:22.916Z--><title>Saxonica: XSLT and XQuery Processing: Installation: Java platform</title>
      <meta name="coverage" content="Worldwide"/>
      <meta name="copyright" content="Copyright Saxonica Ltd"/>
      <meta name="title"
            content="Saxonica: XSLT and XQuery Processing: Installation: Java platform"/>
      <meta name="robots" content="noindex,nofollow"/>
      <link rel="stylesheet" href="../saxondocs.css" type="text/css"/>
   </head>
   <body class="main">
      <h1>Installation: Java platform</h1>
      <p>This section explains in more detail how to install Saxon on the Java platform.</p>
      <ul>
         <li>
            <p><a class="bodylink" href="installationjava/prerequisites.xml">Prerequisites</a></p>
         </li>
         <li>
            <p><a class="bodylink" href="installationjava/licensekey.xml">Obtaining a license key</a></p>
         </li>
         <li>
            <p><a class="bodylink" href="installationjava/licensefaq.xml">Troubleshooting license key problems</a></p>
         </li>
         <li>
            <p><a class="bodylink" href="installationjava/installingjava.xml">Installing the software</a></p>
         </li>
         <li>
            <p><a class="bodylink" href="installationjava/jarfiles.xml">JAR files included in the product</a></p>
         </li>
      </ul>
      <table width="100%">
         <tr>
            <td>
               <p align="right"><a class="nav" href="installationjava/prerequisites.xml">Next</a></p>
            </td>
         </tr>
      </table>
   </body>
</html>