<?xml version="1.0" encoding="iso-8859-1"?>
<?xml-stylesheet href="../make-menu.xsl" type="text/xsl"?><html>
   <head>
      <this-is section="about" page="intro" subpage=""/>
      <!--
           Generated at 2011-12-09T20:47:22.916Z--><title>Saxonica: XSLT and XQuery Processing: About Saxon</title>
      <meta name="coverage" content="Worldwide"/>
      <meta name="copyright" content="Copyright Saxonica Ltd"/>
      <meta name="title" content="Saxonica: XSLT and XQuery Processing: About Saxon"/>
      <meta name="robots" content="noindex,nofollow"/>
      <link rel="stylesheet" href="../saxondocs.css" type="text/css"/>
   </head>
   <body class="main">
      <h1>About Saxon</h1>
      <p>To help you find your way around this documentation, there is a full
        <a href="../contents.html" class="bodylink">table of contents</a> and also an <a class="bodylink" href="../index-entries/intro.xml">alphabetical index</a>.</p>
      <p>The most significant new feature in Saxon 9.4 is the introduction of bytecode generation (in Saxon-EE only). Other
      new developments are comprehensively listed in <a class="bodylink" href="../changes/intro.xml">Changes in Saxon 9.4</a>.</p>
      <p>Saxon implements the latest working drafts of XSLT 3.0, XQuery 3.0. XPath 3.0, and XSD 1.1.</p>
      <p>In addition Saxon continues to offer highly conformant implementations of XSLT 2.0. XPath 2.0, XQuery 1.0, and XSD 1.0.
        To avoid compromising this conformance, features from the newer versions of the standards are enabled only if explicitly 
        requested. The conformance to these specifications has been upgraded to implement the latest published errata, as consolidated
        in the proposed Second Editions of the specifications.</p>
      <p>A significant change in the 9.2 release was a repackaging of the functionality, and this is retained in 9.3 and 9.4: instead of the two
products Saxon-B (open source) and Saxon-SA (commercial), there are now three editions: home, professional,
and enterprise (HE, PE, and EE). The Home Edition remains open source, under the same very liberal licensing rules,
but some of the more advanced features that were present in Saxon-B have not been retained in Saxon-HE, and are
instead available only in the commercial packages Saxon-PE and Saxon-EE.</p>
      <p>Much of the new functionality in this release is available only in the commercial offerings.</p>
      <p>Like previous releases, this version is shipped simultaneously for the Java and .NET platforms.</p>
      <p>This documentation covers all versions of the product, with differences noted where applicable.
For a summary of the differences, see <a class="bodylink" href="../about/packages.xml">Product Packages</a>.</p>
      <div class="boxed"
           style="border: solid thin; background-color: #B1CCC7; padding: 2px">This documentation (including full API documentation for both the Java and .NET platforms)
is provided on the 
<a href="http://www.saxonica.com/" class="bodylink">Saxonica</a> web site and is also available
for download either from <a href="http://sourceforge.net/project/showfiles.php?group_id=29872"
            class="bodylink">SourceForge</a>
or from <a href="http://www.saxonica.com/download/download_page_fs.html" class="bodylink">Saxonica</a>.
The download file is named <code>saxon-resources9-n.zip</code>, and is separate
from the software download. It includes documentation for all editions (Saxon-HE, -PE, and -EE),
on both platforms. The file also includes sample applications. Saxon-HE source code for the latest
release is also available for download from the SourceForge project page.</div>
      <p><a href="../javadoc/index.html" class="bodylink">JavaDoc API specifications</a> 
and <a href="../dotnetdoc/index.html" class="bodylink">.NET API specifications</a> 
 are also available.</p>
      <p>A full <a class="bodylink" href="../changes/intro.xml">change log</a> is provided.</p>
      <p>If you are looking for an XSLT 1.0 or XPath 1.0 processor,
<a href="http://saxon.sourceforge.net/saxon6.5.5/" class="bodylink">Saxon 6.5.5</a> remains available.
However, Saxon 9.4 is capable of executing XSLT 1.0 stylesheets with identical results in
the vast majority of cases, often with much better performance, so you may prefer to use the latest release.</p>
      <table width="100%">
         <tr>
            <td>
               <p align="right"><a class="nav" href="gettingstarted.xml">Next</a></p>
            </td>
         </tr>
      </table>
   </body>
</html>