<?xml version="1.0" encoding="iso-8859-1"?>
<?xml-stylesheet href="../make-menu.xsl" type="text/xsl"?><html>
   <head>
      <this-is section="about" page="support" subpage=""/>
      <!--
           Generated at 2011-12-09T20:47:22.916Z--><title>Saxonica: XSLT and XQuery Processing: Technical Support</title>
      <meta name="coverage" content="Worldwide"/>
      <meta name="copyright" content="Copyright Saxonica Ltd"/>
      <meta name="title" content="Saxonica: XSLT and XQuery Processing: Technical Support"/>
      <meta name="robots" content="noindex,nofollow"/>
      <link rel="stylesheet" href="../saxondocs.css" type="text/css"/>
   </head>
   <body class="main">
      <h1>Technical Support</h1>
      <p><i>This information applies primarily to the open-source product Saxon-HE.</i></p>
      <p>Please read the <a class="bodylink" href="../conditions/intro.xml">Conditions of Use</a>.</p>
      <p>The open-source Saxon-HE product comes with no warranty and no formal technical support service.</p>
      <ul>
         <li>
            <p><a class="bodylink" href="support/forum.xml">Lists and forums for getting help</a></p>
         </li>
         <li>
            <p><a class="bodylink" href="support/patches.xml">Bugs and patches</a></p>
         </li>
      </ul>
      <table width="100%">
         <tr>
            <td>
               <p align="right"><a class="nav" href="support/forum.xml">Next</a></p>
            </td>
         </tr>
      </table>
   </body>
</html>