<?xml version="1.0" encoding="UTF-8"?>
<packages id="dotnetdoc" title=".NET API">
   <j id="Saxon.Api" in="p">
      <j id="Processor" in="c"/>
      <j id="DocumentBuilder" in="c"/>
      <j id="DomDestination" in="c"/>
      <j id="DotNetModuleURIResolver" in="c"/>
      <j id="DotNetObjectModelDefinition" in="c"/>
      <j id="DotNetSchemaURIResolver" in="c"/>
      <j id="DotNetSequenceIterator" in="c"/>
      <j id="DynamicContext" in="c"/>
      <j id="DynamicError" in="c"/>
      <j id="EmptyEnumerator" in="c"/>
      <j id="ErrorGatherer" in="c"/>
      <j id="ExtensionFunctionCall" in="c"/>
      <j id="ExtensionFunctionDefinition" in="c"/>
      <j id="MessageListenerProxy" in="c"/>
      <j id="NullDestination" in="c"/>
      <j id="QName" in="c"/>
      <j id="ResultDocumentHandlerWrapper" in="c"/>
      <j id="SchemaManager" in="c"/>
      <j id="SchemaValidator" in="c"/>
      <j id="SequenceEnumerator" in="c"/>
      <j id="Serializer" in="c"/>
      <j id="StaticContext" in="c"/>
      <j id="StaticError" in="c"/>
      <j id="TextWriterDestination" in="c"/>
      <j id="WrappedExtensionFunctionCall" in="c"/>
      <j id="WrappedExtensionFunctionDefinition" in="c"/>
      <j id="XdmAnyFunctionType" in="c"/>
      <j id="XdmAnyItemType" in="c"/>
      <j id="XdmAnyNodeType" in="c"/>
      <j id="XdmAtomicType" in="c"/>
      <j id="XdmAtomicValue" in="c"/>
      <j id="XdmDestination" in="c"/>
      <j id="XdmEmptySequence" in="c"/>
      <j id="XdmFunctionItem" in="c"/>
      <j id="XdmItem" in="c"/>
      <j id="XdmItemType" in="c"/>
      <j id="XdmNode" in="c"/>
      <j id="XdmNodeKind" in="c"/>
      <j id="XdmSequenceType" in="c"/>
      <j id="XdmValue" in="c"/>
      <j id="XmlDestination" in="c"/>
      <j id="XmlLocation" in="c"/>
      <j id="XPathCompiler" in="c"/>
      <j id="XPathExecutable" in="c"/>
      <j id="XPathSelector" in="c"/>
      <j id="XQueryCompiler" in="c"/>
      <j id="XQueryEvaluator" in="c"/>
      <j id="XQueryExecutable" in="c"/>
      <j id="XsltCompiler" in="c"/>
      <j id="XsltExecutable" in="c"/>
      <j id="XsltTransformer" in="c"/>
      <j id="IMessageListener" in="c"/>
      <j id="IQueryResolver" in="c"/>
      <j id="IResultDocumentHandler" in="c"/>
      <j id="IXdmEnumerator" in="c"/>
      <j id="IXmlLocation" in="c"/>
      <j id="SchemaResolver" in="c"/>
      <j id="RecoveryPolicy" in="c"/>
      <j id="SchemaValidationMode" in="c"/>
      <j id="TreeModel" in="c"/>
      <j id="WhitespacePolicy" in="c"/>
      <j id="XdmAxis" in="c"/>
   </j>
</packages>
